review_id,term_actual,term_predicted,opinion_actual,opinion_predicted,aspect_actual,aspect_predicted,sentiment_actual,sentiment_predicted,review_len
0,food,NA,various type,NA,FOOD#STYLE_OPTIONS,NA,positive,NA,69
0,NULL,NA,memorable,NA,RESTAURANT#GENERAL,NA,positive,NA,69
0,Marcus,Marcus,great,great,SERVICE#GENERAL,SERVICE#GENERAL,positive,positive,69
0,experience,NA,worth trying,NA,RESTAURANT#GENERAL,NA,positive,NA,69
1,quality,NA,average,NA,FOOD#QUALITY,NA,neutral,NA,19
1,dishes,dishes,average,average,FOOD#QUALITY,FOOD#QUALITY,neutral,positive,19
1,prices,NA,high,NA,FOOD#PRICES,NA,negative,NA,19
1,Services,services,perfect,average,SERVICE#GENERAL,SERVICE#GENERAL,positive,positive,19
1,waitress,waitress,perfect,perfect,SERVICE#GENERAL,SERVICE#GENERAL,positive,positive,19
2,Samosa Chaat,NA,"perfect blend of sweet, sour and spicy",NA,FOOD#QUALITY,NA,positive,NA,233
2,samosa chunks,NA,heavenly,NA,FOOD#QUALITY,NA,positive,NA,233
2,Channa Bhatura,NA,crispy,NA,FOOD#QUALITY,NA,positive,NA,233
2,Channa Bhatura,NA,tender texture,NA,FOOD#QUALITY,NA,positive,NA,233
2,Channa Bhatura,NA,rightly spiced,NA,FOOD#QUALITY,NA,positive,NA,233
2,Parantha with Palak Paneer,NA,enjoyed every bite of my tongue tantalizing,NA,FOOD#QUALITY,NA,positive,NA,233
2,Pranic Juice,NA,amazing,NA,DRINKS#QUALITY,NA,positive,NA,233
2,Pranic Juice,NA,refreshed and awake,NA,DRINKS#STYLE_OPTIONS,NA,positive,NA,233
2,NULL,NA,delicious,NA,FOOD#QUALITY,NA,positive,NA,233
2,NULL,NA,value for money,NA,FOOD#PRICES,NA,positive,NA,233
2,NA,food,NA,enjoyed,NA,,NA,positive,233
3,ambience,ambience,inviting,encouraging,AMBIENCE#GENERAL,AMBIENCE#GENERAL,positive,positive,38
3,ambience,NA,relaxed,NA,AMBIENCE#GENERAL,NA,positive,NA,38
3,ambience,NA,romantic,NA,AMBIENCE#GENERAL,NA,positive,NA,38
3,service,service,good,good,SERVICE#GENERAL,SERVICE#GENERAL,positive,positive,38
3,ribeye pork steak,ribeye pork steak,tender,tender,FOOD#QUALITY,FOOD#QUALITY,positive,positive,38
3,ribeye pork steak,NA,succulent,NA,FOOD#QUALITY,NA,positive,NA,38
3,ribeye pork steak,NA,unevenly salted,NA,FOOD#QUALITY,NA,negative,NA,38
3,NULL,NA,nice,NA,RESTAURANT#GENERAL,NA,positive,NA,38
3,NA,meal,NA,nice,NA,FOOD#QUALITY,NA,positive,38
4,environment,environment,Love,love,AMBIENCE#GENERAL,AMBIENCE#GENERAL,positive,positive,20
4,food,food,love,love,FOOD#QUALITY,FOOD#QUALITY,positive,positive,20
4,Imperial Canton broth,Imperial Canton broth,Live,love,FOOD#QUALITY,FOOD#QUALITY,positive,positive,20
5,atmosphere,atmosphere,Liked,liked,AMBIENCE#GENERAL,AMBIENCE#GENERAL,positive,positive,20
5,food,food,delicious,delicious,FOOD#QUALITY,FOOD#QUALITY,positive,positive,20
5,drinks,NA,delicious,NA,DRINKS#QUALITY,NA,positive,NA,20
5,Staff,Staff,friendly,friendly,SERVICE#GENERAL,SERVICE#GENERAL,positive,positive,20
6,atmosphere,NA,nice,NA,AMBIENCE#GENERAL,NA,positive,NA,240
6,staff,staff,professional,not the kind of staff,SERVICE#GENERAL,SERVICE#GENERAL,positive,negative,240
6,staff,NA,knowledgeable,NA,SERVICE#GENERAL,NA,positive,NA,240
6,appetizers,NA,above their main course,NA,FOOD#QUALITY,NA,positive,NA,240
6,pre-main,NA,above their main course,NA,FOOD#QUALITY,NA,positive,NA,240
6,main course,NA,NULL,NA,FOOD#QUALITY,NA,negative,NA,240
6,steak,NA,NULL,NA,FOOD#QUALITY,NA,negative,NA,240
6,NULL,NA,great,NA,FOOD#QUALITY,NA,positive,NA,240
6,staff,NA,attitude,NA,SERVICE#GENERAL,NA,negative,NA,240
6,NA,restaurant,NA,fantastic,NA,RESTAURANT#GENERAL,NA,negative,240
7,kubideh kebab,kubideh kebab,favourite,favorite,FOOD#QUALITY,FOOD#QUALITY,positive,positive,19
7,shik kebab,shik kebab,favourite,favorite,FOOD#QUALITY,FOOD#QUALITY,positive,positive,19
8,service,service,detailed,recommended,SERVICE#GENERAL,SERVICE#GENERAL,positive,positive,17
8,bbq pak food,bbq pak food,good,good,FOOD#QUALITY,FOOD#QUALITY,positive,positive,17
8,mango lassi,NA,improve,NA,DRINKS#QUALITY,NA,negative,NA,17
8,NA,mom lassi,NA,improve,NA,FOOD#QUALITY,NA,positive,17
9,Matcha dessert,Matcha dessert,delicious,delicious,FOOD#QUALITY,FOOD#QUALITY,positive,positive,25
9,services,services,good,good,SERVICE#GENERAL,SERVICE#GENERAL,positive,positive,25
9,environment,environment,good,friendly,AMBIENCE#GENERAL,AMBIENCE#GENERAL,positive,positive,25
9,worker,worker,friendly,kind,SERVICE#GENERAL,SERVICE#GENERAL,positive,positive,25
9,worker,NA,kind,NA,SERVICE#GENERAL,NA,positive,NA,25
9,worker,NA,patience,NA,SERVICE#GENERAL,NA,positive,NA,25
9,worker,NA,happy,NA,SERVICE#GENERAL,NA,positive,NA,25
10,red snapper congee,NA,NULL,NA,FOOD#QUALITY,NA,negative,NA,77
10,Soybean drink,NA,taste of gelatin,NA,DRINKS#QUALITY,NA,negative,NA,77
10,NULL,NULL,Not Worth ItNothing special,not worth,RESTAURANT#GENERAL,FOOD#PRICES,negative,negative,77
10,NULL,NA,over price,NA,RESTAURANT#PRICES,NA,negative,NA,77
10,NULL,NA,foreign workers who act like robots,NA,SERVICE#GENERAL,NA,negative,NA,77
10,NULL,NA,cut cost,NA,FOOD#STYLE_OPTIONS,NA,negative,NA,77
10,NULL,NA,NULL,NA,FOOD#QUALITY,NA,negative,NA,77
11,sushi,NA,under done,NA,FOOD#QUALITY,NA,negative,NA,122
11,sushi,NA,not very fresh,NA,FOOD#QUALITY,NA,negative,NA,122
11,NULL,NA,good,NA,FOOD#QUALITY,NA,positive,NA,122
11,spread,NA,good,NA,FOOD#QUALITY,NA,positive,NA,122
11,NULL,NA,good,NA,RESTAURANT#GENERAL,NA,positive,NA,122
11,NA,lunch,NA,good,NA,FOOD#QUALITY,NA,positive,122
11,NA,high tea,NA,good,NA,FOOD#QUALITY,NA,positive,122
12,food,food,good,good,FOOD#QUALITY,FOOD#QUALITY,positive,positive,22
12,view,view,beautiful,beautiful,AMBIENCE#GENERAL,LOCATION#GENERAL,positive,positive,22
12,staff,staff,helpful,helpful,SERVICE#GENERAL,SERVICE#GENERAL,positive,positive,22
12,staff,NA,friendly,NA,SERVICE#GENERAL,NA,positive,NA,22
13,butter prawns,NA,excellently cooked,NA,FOOD#QUALITY,NA,positive,NA,75
13,lemongrass chicken,NA,excellently cooked,NA,FOOD#QUALITY,NA,positive,NA,75
13,banana fritter,NA,fab,NA,FOOD#QUALITY,NA,positive,NA,75
13,Service,NA,prompt,NA,SERVICE#GENERAL,NA,positive,NA,75
13,Service,NA,well attended,NA,SERVICE#GENERAL,NA,positive,NA,75
13,ambience,NA,excellent vibe,NA,AMBIENCE#GENERAL,NA,positive,NA,75
13,NULL,NULL,welcoming,recommend,RESTAURANT#GENERAL,AMBIENCE#GENERAL,positive,positive,75
13,NULL,NA,recommended,NA,RESTAURANT#GENERAL,NA,positive,NA,75
13,NA,restaurant,NA,lovely,NA,RESTAURANT#GENERAL,NA,positive,75
13,NA,regional food,NA,delicious,NA,FOOD#QUALITY,NA,positive,75
13,NA,vibe,NA,excellent,NA,AMBIENCE#GENERAL,NA,positive,75
13,NA,waiter,NA,prompt,NA,SERVICE#GENERAL,NA,positive,75
14,risotto,NA,terrible,NA,FOOD#QUALITY,NA,negative,NA,223
14,NULL,NULL,mediocre,annoys,FOOD#QUALITY,NULL,negative,negative,223
14,NULL,NA,NULL,NA,SERVICE#GENERAL,NA,negative,NA,223
14,dishes,dishes,NULL,mediocre,SERVICE#GENERAL,FOOD#QUALITY,negative,negative,223
14,NA,waitress,NA,indifferent,NA,SERVICE#GENERAL,NA,negative,223
15,food,food,excellent,excellent,FOOD#QUALITY,FOOD#QUALITY,positive,positive,114
15,coffee,NA,excellent,NA,DRINKS#QUALITY,NA,positive,NA,114
15,NULL,NULL,fresh,tasty,FOOD#QUALITY,FOOD#QUALITY,positive,negative,114
15,NULL,NA,tasty,NA,FOOD#QUALITY,NA,positive,NA,114
15,NULL,NA,well presented,NA,FOOD#STYLE_OPTIONS,NA,positive,NA,114
15,decor,NA,NULL,NA,AMBIENCE#GENERAL,NA,negative,NA,114
15,fan noise,NA,loud,NA,AMBIENCE#GENERAL,NA,negative,NA,114
15,toilets,NA,not clean,NA,AMBIENCE#GENERAL,NA,negative,NA,114
15,floors,NA,painted a dirty grey,NA,AMBIENCE#GENERAL,NA,negative,NA,114
15,walls,NA,painted a dirty grey,NA,AMBIENCE#GENERAL,NA,negative,NA,114
15,menu cards,NA,tatty,NA,FOOD#STYLE_OPTIONS,NA,negative,NA,114
15,NA,food,NA,fresh,NA,FOOD#QUALITY,NA,positive,114
16,Xiao Long Pao,Xiao Long Pao,best,best,FOOD#QUALITY,FOOD#QUALITY,positive,positive,75
16,Chee Cheong Fun,NA,crispy duck,NA,FOOD#QUALITY,NA,positive,NA,75
16,Service,service,attentive,attentive,SERVICE#GENERAL,SERVICE#GENERAL,positive,positive,75
16,NULL,NA,OK,NA,FOOD#QUALITY,NA,neutral,NA,75
16,NULL,NA,nothing spectacular,NA,FOOD#QUALITY,NA,neutral,NA,75
16,NULL,NA,attentive,NA,SERVICE#GENERAL,NA,positive,NA,75
16,NA,junior waiter,NA,NULL,NA,SERVICE#GENERAL,NA,positive,75
17,Ribeye,Ribeye,perfect,rare,FOOD#QUALITY,FOOD#QUALITY,positive,negative,104
17,Sirloin Steak,Sirloin Steak,bit too rare,perfect,FOOD#QUALITY,FOOD#QUALITY,negative,positive,104
17,NULL,NA,friendly,NA,SERVICE#GENERAL,NA,positive,NA,104
17,NULL,NA,helpful,NA,SERVICE#GENERAL,NA,positive,NA,104
17,Fried Banana Fritters,NA,delicious,NA,FOOD#QUALITY,NA,positive,NA,104
17,Cream Brulae,cream brulae,delicious,perfect,FOOD#QUALITY,FOOD#QUALITY,positive,positive,104
17,NULL,NA,perfect,NA,FOOD#QUALITY,NA,positive,NA,104
17,NA,Beef Pulled Burger,NA,perfect,NA,FOOD#QUALITY,NA,negative,104
17,NA,mushroom soup,NA,perfect,NA,FOOD#QUALITY,NA,negative,104
17,NA,garlic bread,NA,perfect,NA,FOOD#QUALITY,NA,negative,104
17,NA,banana fritters with Ice Cream,NA,NULL,NA,FOOD#QUALITY,NA,positive,104
18,ambience,ambience,nice,nice,AMBIENCE#GENERAL,AMBIENCE#GENERAL,positive,positive,18
18,waiters,waiters,good service,good,SERVICE#GENERAL,SERVICE#GENERAL,positive,positive,18
18,prices,NA,affordable,NA,PRICES#GENERAL,NA,positive,NA,18
18,NA,food,NA,affordable,NA,FOOD#PRICES,NA,positive,18
19,vegies,vegies,salty,salty,FOOD#QUALITY,SERVICE#GENERAL,negative,negative,75
19,NULL,NULL,good,NULL,FOOD#QUALITY,SERVICE#GENERAL,positive,negative,75
19,owner,NA,friendly,NA,SERVICE#GENERAL,NA,positive,NA,75
19,serve,NA,fast,NA,SERVICE#GENERAL,NA,positive,NA,75
19,NULL,NA,acceptable,NA,FOOD#PRICES,NA,positive,NA,75
19,NULL,NA,crowded,NA,RESTAURANT#GENERAL,NA,negative,NA,75
19,parking lot,NA,Huge,NA,RESTAURANT#MISCELLANEOUS,NA,positive,NA,75
19,NA,food,NA,good,NA,FOOD#QUALITY,NA,negative,75
20,Pizza,Pizza,Best,Best,FOOD#QUALITY,FOOD#QUALITY,positive,positive,37
20,foods,NA,Best,NA,FOOD#QUALITY,NA,positive,NA,37
20,drink,NA,good,NA,DRINKS#QUALITY,NA,positive,NA,37
20,Music,Music,happy,happy,AMBIENCE#GENERAL,AMBIENCE#GENERAL,positive,positive,37
20,Quivo,NA,enjoy,NA,RESTAURANT#GENERAL,NA,positive,NA,37
20,Quivo,NA,good,NA,RESTAURANT#GENERAL,NA,positive,NA,37
20,Quivo,NA,happy,NA,AMBIENCE#GENERAL,NA,positive,NA,37
20,NA,food,NA,enjoy,NA,FOOD#QUALITY,NA,positive,37
21,environment,environment,Lovely,lovely,AMBIENCE#GENERAL,AMBIENCE#GENERAL,positive,positive,25
21,environment,NA,cosy,NA,AMBIENCE#GENERAL,NA,positive,NA,25
21,selection of Asian curries,selection of Asian curries,great,great,FOOD#QUALITY,FOOD#STYLE_OPTIONS,positive,positive,25
21,selection of noodles,NA,great,NA,FOOD#QUALITY,NA,positive,NA,25
21,selection of Japanese dishes,NA,great,NA,FOOD#QUALITY,NA,positive,NA,25
21,selection of Western dishes,NA,great,NA,FOOD#QUALITY,NA,positive,NA,25
21,desserts,NA,Excellent,NA,FOOD#QUALITY,NA,positive,NA,25
21,coffee,NA,Excellent,NA,DRINKS#QUALITY,NA,positive,NA,25
21,pricing,NA,reasonable,NA,FOOD#PRICES,NA,positive,NA,25
21,pricing,NA,reasonable,NA,DRINKS#PRICES,NA,positive,NA,25
21,service,NA,Wonderful,NA,SERVICE#GENERAL,NA,positive,NA,25
21,NA,noodles,NA,great,NA,FOOD#STYLE_OPTIONS,NA,positive,25
21,NA,Japan,NA,great,NA,FOOD#QUALITY,NA,positive,25
21,NA,West dishes,NA,great,NA,FOOD#PRICES,NA,positive,25
21,NA,NULL,NA,wonderful,NA,AMBIENCE#GENERAL,NA,positive,25
22,staffs,Staffs,friendly,friendly,SERVICE#GENERAL,SERVICE#GENERAL,positive,positive,23
22,coffee latte,coffee latte,average ok,average ok,DRINKS#QUALITY,DRINKS#QUALITY,neutral,neutral,23
22,bread,bread,NULL,too sweet,FOOD#QUALITY,FOOD#QUALITY,neutral,negative,23
22,almond croissant,almond croissant,too sweet,too sweet,FOOD#QUALITY,FOOD#QUALITY,negative,negative,23
23,decoration,NA,impressive,NA,AMBIENCE#GENERAL,NA,positive,NA,68
23,decoration,NA,impressive,NA,RESTAURANT#GENERAL,NA,positive,NA,68
23,ambience,ambience,good,impressive,AMBIENCE#GENERAL,AMBIENCE#GENERAL,positive,positive,68
23,selection of the food,NA,good,NA,FOOD#QUALITY,NA,positive,NA,68
23,Chee Cheong fun with the crispy duck,chee Cheong fun with the crispy duck,good,ok,FOOD#QUALITY,FOOD#QUALITY,positive,positive,68
23,Chee Cheong fun with the crispy duck,NA,good,NA,FOOD#STYLE_OPTIONS,NA,positive,NA,68
23,Dim Sum selection,NA,OK,NA,FOOD#QUALITY,NA,neutral,NA,68
23,staff services,staff services,good,good,SERVICE#GENERAL,SERVICE#GENERAL,positive,positive,68
23,NA,food,NA,good,NA,FOOD#QUALITY,NA,positive,68
24,waitress Yna,NA,best,NA,SERVICE#GENERAL,NA,positive,NA,56
24,NULL,NA,favorite,NA,RESTAURANT#GENERAL,NA,positive,NA,56
24,food,food,good,good,FOOD#QUALITY,FOOD#QUALITY,positive,positive,56
24,drinks,drinks,good,worth,DRINKS#QUALITY,DRINKS#QUALITY,positive,positive,56
24,NA,waitress,NA,best,NA,SERVICE#GENERAL,NA,positive,56
25,sashimi,NA,top notch,NA,FOOD#QUALITY,NA,positive,NA,70
25,BBQ skewers,NA,pretty decent,NA,FOOD#QUALITY,NA,positive,NA,70
25,NULL,NULL,reasonable,reasonable,FOOD#PRICES,RESTAURANT#PRICES,positive,positive,70
25,private rooms,private rooms,amazing,amazing,AMBIENCE#GENERAL,AMBIENCE#GENERAL,positive,positive,70
25,NA,menu,NA,expansive,NA,FOOD#STYLE_OPTIONS,NA,positive,70
25,NA,pork,NA,include,NA,FOOD#QUALITY,NA,positive,70
26,salmon,NA,cooked really well,NA,FOOD#QUALITY,NA,positive,NA,123
26,Creme brûlée,NA,extremely enjoyable,NA,FOOD#QUALITY,NA,positive,NA,123
26,service,service,efficient,efficient,SERVICE#GENERAL,SERVICE#GENERAL,positive,positive,123
26,service,NA,attentive,NA,SERVICE#GENERAL,NA,positive,NA,123
26,atmosphere,NA,tranquil,NA,AMBIENCE#GENERAL,NA,positive,NA,123
26,atmosphere,NA,enjoyable,NA,AMBIENCE#GENERAL,NA,positive,NA,123
26,parking,NA,difficult to find,NA,LOCATION#GENERAL,NA,negative,NA,123
26,parking attendants,NA,abrupt,NA,SERVICE#GENERAL,NA,negative,NA,123
26,parking attendants,NA,annoying,NA,SERVICE#GENERAL,NA,negative,NA,123
26,NA,food,NA,lovely,NA,FOOD#QUALITY,NA,positive,123
26,NA,restaurant,NA,attractive,NA,RESTAURANT#MISCELLANEOUS,NA,negative,123
27,chicken hanith,NA,amazing,NA,FOOD#QUALITY,NA,positive,NA,98
27,dips @ tanouleh,NA,amazing,NA,FOOD#QUALITY,NA,positive,NA,98
27,hummus,NA,amazing,NA,FOOD#QUALITY,NA,positive,NA,98
27,Kanuffa,NA,amazing,NA,FOOD#QUALITY,NA,positive,NA,98
27,Kanuffa,NA,amazing,NA,FOOD#STYLE_OPTIONS,NA,positive,NA,98
27,caramel,NA,amazing,NA,FOOD#QUALITY,NA,positive,NA,98
27,Atasha,atasha,warm,warm,SERVICE#GENERAL,SERVICE#GENERAL,positive,positive,98
27,NULL,NA,warm,NA,SERVICE#GENERAL,NA,positive,NA,98
27,NA,cuisine,NA,amazing,NA,FOOD#QUALITY,NA,positive,98
28,NULL,NA,NULL,NA,SERVICE#GENERAL,NA,negative,NA,477
28,NA,waiter,NA,NULL,NA,SERVICE#GENERAL,NA,negative,477
28,NA,chicken,NA,NULL,NA,SERVICE#GENERAL,NA,negative,477
29,Mutton Poriyal,NA,dry,NA,FOOD#QUALITY,NA,negative,NA,112
29,Mutton Poriyal,NA,salty,NA,FOOD#QUALITY,NA,negative,NA,112
29,Negombo Prawn,NA,excellent,NA,FOOD#QUALITY,NA,positive,NA,112
29,NULL,NULL,pleasant,salt,AMBIENCE#GENERAL,FOOD#QUALITY,positive,negative,112
29,NULL,NA,good,NA,FOOD#STYLE_OPTIONS,NA,positive,NA,112
29,NULL,NA,great,NA,SERVICE#GENERAL,NA,positive,NA,112
29,music,NA,good,NA,AMBIENCE#GENERAL,NA,positive,NA,112
29,menu,NA,Extensive,NA,FOOD#STYLE_OPTIONS,NA,positive,NA,112
29,salt,NA,heavy,NA,FOOD#QUALITY,NA,negative,NA,112
29,NA,service,NA,great,NA,SERVICE#GENERAL,NA,positive,112
29,NA,attended,NA,pleasant,NA,AMBIENCE#GENERAL,NA,positive,112
30,owner,owner,friendly,friendly,SERVICE#GENERAL,SERVICE#GENERAL,positive,positive,69
30,owner,NA,talkative,NA,SERVICE#GENERAL,NA,positive,NA,69
30,food,food,amazing,excellent,FOOD#QUALITY,FOOD#QUALITY,positive,positive,69
30,food,NA,excellent,NA,FOOD#QUALITY,NA,positive,NA,69
30,NULL,NA,good,NA,RESTAURANT#GENERAL,NA,positive,NA,69
30,NA,menu,NA,amazing,NA,FOOD#STYLE_OPTIONS,NA,positive,69
31,chicken wings,chicken wings,stunninh,stunninh,FOOD#QUALITY,FOOD#QUALITY,positive,positive,29
31,chicken wings,NA,nice taste,NA,FOOD#QUALITY,NA,positive,NA,29
31,food,food,great,great,FOOD#QUALITY,FOOD#QUALITY,positive,positive,29
32,steaks,NA,good value,NA,FOOD#PRICES,NA,positive,NA,104
32,steaks,NA,tender,NA,FOOD#QUALITY,NA,positive,NA,104
32,NULL,NULL,mixed,NULL,RESTAURANT#GENERAL,RESTAURANT#PRICES,positive,positive,104
32,waiting staff,waiting staff,Fun,good,SERVICE#GENERAL,SERVICE#GENERAL,positive,positive,104
32,acoustic guitar /singer,NA,good,NA,AMBIENCE#GENERAL,NA,positive,NA,104
32,NULL,NA,good range,NA,DRINKS#STYLE_OPTIONS,NA,positive,NA,104
32,juices,NA,good,NA,DRINKS#QUALITY,NA,positive,NA,104
32,juices,NA,good,NA,FOOD#QUALITY,NA,positive,NA,104
32,NULL,NA,nice,NA,AMBIENCE#GENERAL,NA,positive,NA,104
32,NA,food court,NA,mixed,NA,AMBIENCE#GENERAL,NA,positive,104
32,NA,singer,NA,good,NA,SERVICE#GENERAL,NA,positive,104
33,Peking duck,NA,excellent,NA,FOOD#QUALITY,NA,positive,NA,160
33,service,NA,great,NA,SERVICE#GENERAL,NA,positive,NA,160
33,wait staff,wait staff,some did not speak English,NULL,SERVICE#GENERAL,SERVICE#GENERAL,negative,negative,160
33,NULL,NA,disappointed,NA,FOOD#QUALITY,NA,negative,NA,160
33,NA,duck,NA,excellent,NA,FOOD#QUALITY,NA,positive,160
34,beef curry dishes,beef curry dishes,NULL,better,FOOD#QUALITY,FOOD#QUALITY,positive,positive,156
34,coconut juice,NA,NULL,NA,DRINKS#STYLE_OPTIONS,NA,positive,NA,156
34,service,service,quick,quick,SERVICE#GENERAL,SERVICE#GENERAL,positive,positive,156
34,service,NA,courteous,NA,SERVICE#GENERAL,NA,positive,NA,156
34,staff,NA,friendly,NA,SERVICE#GENERAL,NA,positive,NA,156
34,staff,NA,attentive,NA,SERVICE#GENERAL,NA,positive,NA,156
34,food,food,cooked to perfection,tender,FOOD#QUALITY,FOOD#QUALITY,positive,positive,156
34,food,NA,tender,NA,FOOD#QUALITY,NA,positive,NA,156
34,food,NA,full of flavour,NA,FOOD#QUALITY,NA,positive,NA,156
34,NULL,NA,cosy,NA,AMBIENCE#GENERAL,NA,positive,NA,156
34,NA,coconut water,NA,fresh,NA,FOOD#QUALITY,NA,positive,156
34,NA,environment,NA,cosy,NA,AMBIENCE#GENERAL,NA,positive,156
35,octopus,NA,very good,NA,FOOD#QUALITY,NA,positive,NA,135
35,octopus,NA,extremely tender,NA,FOOD#QUALITY,NA,positive,NA,135
35,mushroom,mushroom,loved,loved,FOOD#QUALITY,FOOD#QUALITY,positive,positive,135
35,chicken wing,NA,tasteless,NA,FOOD#QUALITY,NA,negative,NA,135
35,red rice,red rice,good,good,FOOD#QUALITY,FOOD#QUALITY,positive,negative,135
35,red rice,NA,tasted as a good risotto,NA,FOOD#QUALITY,NA,positive,NA,135
35,NULL,NA,annoying,NA,SERVICE#GENERAL,NA,negative,NA,135
35,bill,NA,separate,NA,SERVICE#GENERAL,NA,negative,NA,135
35,NA,octopus in a kind of spicy broth,NA,good,NA,FOOD#QUALITY,NA,positive,135
35,NA,rice,NA,NULL,NA,FOOD#QUALITY,NA,negative,135
36,oyster,NA,best,NA,FOOD#QUALITY,NA,positive,NA,31
36,salmon,salmon,great,best,FOOD#QUALITY,FOOD#QUALITY,positive,positive,31
36,salmon,NA,perfectly cook,NA,FOOD#QUALITY,NA,positive,NA,31
36,NA,Variety oyster,NA,best,NA,FOOD#QUALITY,NA,positive,31
36,NA,NULL,NA,recomended,NA,FOOD#QUALITY,NA,positive,31
37,Nasi Lemak,Nasi Lemak,best,best,FOOD#QUALITY,FOOD#QUALITY,positive,positive,136
37,sambal,NA,sweeter,NA,FOOD#QUALITY,NA,positive,NA,136
38,ambience,ambience,nice,nice,AMBIENCE#GENERAL,AMBIENCE#GENERAL,positive,positive,22
38,food,food,good,good,FOOD#QUALITY,FOOD#QUALITY,positive,positive,22
38,waiters,waiters,friendly,friendly,SERVICE#GENERAL,SERVICE#GENERAL,positive,positive,22
38,NULL,NA,free hockey parking,NA,RESTAURANT#MISCELLANEOUS,NA,positive,NA,22
39,staff,staff,Helpful,helpful,SERVICE#GENERAL,SERVICE#GENERAL,positive,positive,33
39,NULL,NA,cater,NA,FOOD#STYLE_OPTIONS,NA,positive,NA,33
39,Decor,NA,traditional,NA,AMBIENCE#GENERAL,NA,positive,NA,33
39,Decor,NA,unique,NA,AMBIENCE#GENERAL,NA,positive,NA,33
39,Food,food,nice,nice,FOOD#QUALITY,FOOD#QUALITY,positive,positive,33
39,Atmosphere,atmosphere,quiet,quiet,AMBIENCE#GENERAL,AMBIENCE#GENERAL,positive,positive,33
39,Atmosphere,NA,homely,NA,AMBIENCE#GENERAL,NA,positive,NA,33
40,Hana,NA,friendlist,NA,SERVICE#GENERAL,NA,positive,NA,31
40,Hana,NA,nicest,NA,SERVICE#GENERAL,NA,positive,NA,31
40,Hana,NA,served with care and love,NA,SERVICE#GENERAL,NA,positive,NA,31
40,NULL,NA,good,NA,FOOD#QUALITY,NA,positive,NA,31
40,NULL,NA,foood,NA,FOOD#QUALITY,NA,positive,NA,31
40,NULL,NA,Atmosphere,NA,AMBIENCE#GENERAL,NA,positive,NA,31
40,NA,Service,NA,friendlist,NA,SERVICE#GENERAL,NA,positive,31
40,NA,food,NA,good,NA,FOOD#QUALITY,NA,positive,31
40,NA,atmosphere,NA,nice,NA,AMBIENCE#GENERAL,NA,positive,31
41,facilities,facilities,clean,good,RESTAURANT#GENERAL,AMBIENCE#GENERAL,positive,positive,51
41,facilities,NA,efficient,NA,RESTAURANT#GENERAL,NA,positive,NA,51
41,staff,staff,pleasant,clean,SERVICE#GENERAL,SERVICE#GENERAL,positive,positive,51
41,eateries,NA,modern,NA,RESTAURANT#GENERAL,NA,positive,NA,51
41,food,food,delicious,delicious,FOOD#QUALITY,FOOD#QUALITY,positive,positive,51
41,food,NA,over priced,NA,FOOD#PRICES,NA,negative,NA,51
41,food,NA,variations,NA,FOOD#STYLE_OPTIONS,NA,positive,NA,51
41,NA,NULL,NA,over priced,NA,FOOD#PRICES,NA,positive,51
42,calamari rings,calamari rings,tough,not bad,FOOD#QUALITY,FOOD#QUALITY,negative,negative,163
42,Stuffed Jalapenos,stuffed Jalapenos,not bad,not bad,FOOD#QUALITY,FOOD#QUALITY,neutral,negative,163
42,Stuffed Jalapenos,NA,not good,NA,FOOD#QUALITY,NA,negative,NA,163
42,pizza,pizza,horrible,fabulous,FOOD#QUALITY,FOOD#QUALITY,negative,negative,163
42,NULL,NULL,disappointment,not a pleasant experience,FOOD#QUALITY,NULL,negative,negative,163
42,pizza,NA,soggy,NA,FOOD#QUALITY,NA,negative,NA,163
42,NULL,NA,pleasant,NA,AMBIENCE#GENERAL,NA,negative,NA,163
42,restaurant,NA,smoking,NA,AMBIENCE#GENERAL,NA,negative,NA,163
43,food,food,Amazing,amazing,FOOD#QUALITY,FOOD#QUALITY,positive,positive,20
43,portions,NA,Big,NA,FOOD#STYLE_OPTIONS,NA,positive,NA,20
43,Teh Tarik,Teh Tarik,not oversweetened,not oversweetened,DRINKS#QUALITY,FOOD#QUALITY,positive,positive,20
43,wait staff,wait staff,best,best,SERVICE#GENERAL,SERVICE#GENERAL,positive,positive,20
43,NA,portions of the Tandori chicken,NA,big,NA,FOOD#STYLE_OPTIONS,NA,positive,20
44,steak,steak,delicious,delicious,FOOD#QUALITY,FOOD#QUALITY,positive,positive,33
44,steak,NA,cook perfectly,NA,FOOD#QUALITY,NA,positive,NA,33
44,sides,sides,excellent,excellent,FOOD#QUALITY,FOOD#QUALITY,positive,positive,33
44,sides,NA,good range,NA,FOOD#STYLE_OPTIONS,NA,positive,NA,33
44,NULL,NA,satisfy,NA,RESTAURANT#GENERAL,NA,positive,NA,33
44,NULL,NA,kind mind set,NA,SERVICE#GENERAL,NA,positive,NA,33
44,NA,range,NA,good,NA,FOOD#STYLE_OPTIONS,NA,positive,33
45,food,food,yummy,yummy,FOOD#QUALITY,FOOD#QUALITY,positive,positive,19
45,ambiance,ambiance,lovely,lovely,AMBIENCE#GENERAL,AMBIENCE#GENERAL,positive,positive,19
45,tapas,NA,variety,NA,FOOD#STYLE_OPTIONS,NA,positive,NA,19
45,service,service,great,great,SERVICE#GENERAL,SERVICE#GENERAL,positive,positive,19
45,NA,tas,NA,try,NA,FOOD#STYLE_OPTIONS,NA,positive,19
46,collection of beers,NA,biggest,NA,DRINKS#STYLE_OPTIONS,NA,positive,NA,69
46,collection of beers,NA,huge,NA,DRINKS#STYLE_OPTIONS,NA,positive,NA,69
46,collection of beers,NA,huge,NA,DRINKS#QUALITY,NA,positive,NA,69
46,collection of beers,NA,biggest,NA,DRINKS#QUALITY,NA,positive,NA,69
46,NULL,NA,reasonably priced,NA,PRICES#GENERAL,NA,positive,NA,69
46,place,NA,Nice,NA,AMBIENCE#GENERAL,NA,positive,NA,69
46,place,NA,unwind,NA,AMBIENCE#GENERAL,NA,positive,NA,69
46,NULL,NA,Must visit,NA,RESTAURANT#GENERAL,NA,positive,NA,69
46,NA,tap beer,NA,huge,NA,DRINKS#STYLE_OPTIONS,NA,positive,69
46,NA,beers,NA,reasonably priced,NA,DRINKS#STYLE_OPTIONS,NA,positive,69
47,ambience,ambience,pleasant,wooed,AMBIENCE#GENERAL,AMBIENCE#GENERAL,positive,positive,65
47,food,food,tastes good,reasonable,FOOD#QUALITY,FOOD#QUALITY,positive,positive,65
47,food,NA,reasonable,NA,FOOD#PRICES,NA,positive,NA,65
47,drinks,NA,reasonable,NA,DRINKS#PRICES,NA,positive,NA,65
47,pizza,NA,amazing,NA,FOOD#QUALITY,NA,positive,NA,65
47,pizza,NA,thin crust,NA,FOOD#STYLE_OPTIONS,NA,positive,NA,65
47,NA,NULL,NA,pleasant,NA,AMBIENCE#GENERAL,NA,positive,65
48,duck,duck,muscle,high,FOOD#QUALITY,FOOD#QUALITY,negative,negative,94
48,lobster,lobster,small,small,FOOD#STYLE_OPTIONS,FOOD#QUALITY,negative,negative,94
48,NULL,NA,prices are extremely high,NA,RESTAURANT#PRICES,NA,negative,NA,94
49,NULL,NULL,over-priced,worth,PRICES#GENERAL,SERVICE#GENERAL,negative,negative,45
49,NULL,NA,over cooked,NA,FOOD#QUALITY,NA,negative,NA,45
49,NULL,NA,slow service,NA,SERVICE#GENERAL,NA,negative,NA,45
49,Steakhouse,Steakhouse,best,nice,RESTAURANT#GENERAL,RESTAURANT#PRICES,positive,positive,45
49,Steakhouse,NA,well worth,NA,FOOD#QUALITY,NA,positive,NA,45
49,NA,service,NA,slow,NA,SERVICE#GENERAL,NA,negative,45
50,service,service,Great,great,SERVICE#GENERAL,SERVICE#GENERAL,positive,positive,24
51,steaks,steaks,Delicious,delicious,FOOD#QUALITY,FOOD#QUALITY,positive,positive,50
51,burgers,burgers,okay,ok,FOOD#QUALITY,FOOD#QUALITY,neutral,positive,50
51,oysters,oysters,Fresh,fresh,FOOD#QUALITY,FOOD#QUALITY,positive,positive,50
51,pricing,NA,hefty,NA,FOOD#PRICES,NA,negative,NA,50
51,staffs,staffs,friendly,friendly,SERVICE#GENERAL,SERVICE#GENERAL,positive,negative,50
51,place,place,weird,smells weird,AMBIENCE#GENERAL,RESTAURANT#PRICES,negative,negative,50
51,place,NA,smells weird,NA,AMBIENCE#GENERAL,NA,negative,NA,50
51,seasoned wooden planks,NA,weird,NA,AMBIENCE#GENERAL,NA,negative,NA,50
51,NULL,NA,refurbish,NA,RESTAURANT#MISCELLANEOUS,NA,negative,NA,50
52,taste,NA,not great,NA,FOOD#QUALITY,NA,negative,NA,21
52,NA,breakfast,NA,quick,NA,FOOD#QUALITY,NA,neutral,21
53,service,service,Wonderful,wonderful,SERVICE#GENERAL,SERVICE#GENERAL,positive,positive,42
53,NULL,NULL,warm,warm,AMBIENCE#GENERAL,SERVICE#GENERAL,positive,positive,42
53,NA,Chef,NA,accomplished,NA,SERVICE#GENERAL,NA,positive,42
54,food,food,truly Spanish,best,FOOD#STYLE_OPTIONS,FOOD#QUALITY,positive,positive,39
54,food,NA,Best Spanish,NA,FOOD#QUALITY,NA,positive,NA,39
54,NULL,NULL,great,NULL,RESTAURANT#GENERAL,AMBIENCE#GENERAL,positive,positive,39
54,NULL,NA,Casual friendly,NA,SERVICE#GENERAL,NA,positive,NA,39
54,NULL,NA,unique,NA,RESTAURANT#GENERAL,NA,positive,NA,39
54,NA,standard,NA,great,NA,AMBIENCE#GENERAL,NA,positive,39
55,Steak Borderlaise,Steak Borderlaise,amazing,amazing,FOOD#QUALITY,FOOD#QUALITY,positive,positive,88
55,Steak Borderlaise,NA,super tender,NA,FOOD#QUALITY,NA,positive,NA,88
55,Steak Borderlaise,NA,juicy,NA,FOOD#QUALITY,NA,positive,NA,88
55,NULL,NA,wonderful,NA,SERVICE#GENERAL,NA,positive,NA,88
55,NULL,NA,super attentive,NA,SERVICE#GENERAL,NA,positive,NA,88
55,NA,waiters,NA,wonderful,NA,SERVICE#GENERAL,NA,positive,88
56,staffs,staffs,friendly,friendly,SERVICE#GENERAL,SERVICE#GENERAL,positive,positive,51
56,staffs,NA,looking after their customer,NA,SERVICE#GENERAL,NA,positive,NA,51
56,NULL,NA,clean,NA,AMBIENCE#GENERAL,NA,positive,NA,51
56,NULL,NA,fast,NA,SERVICE#GENERAL,NA,positive,NA,51
56,NA,place,NA,clean,NA,RESTAURANT#MISCELLANEOUS,NA,positive,51
57,local rendang burger,local rendang burger,best,best,FOOD#QUALITY,FOOD#QUALITY,positive,positive,31
57,staff,staff,friendly,friendly,SERVICE#GENERAL,SERVICE#GENERAL,positive,positive,31
57,staff,NA,efficient,NA,SERVICE#GENERAL,NA,positive,NA,31
57,restaurant,restaurant,top of the line,top of the line,RESTAURANT#GENERAL,RESTAURANT#GENERAL,positive,positive,31
58,venue,NA,small,NA,AMBIENCE#GENERAL,NA,negative,NA,45
58,staff,NA,well staffed,NA,SERVICE#GENERAL,NA,positive,NA,45
58,entrees,entrees,amazing,amazing,FOOD#QUALITY,FOOD#QUALITY,positive,positive,45
58,sucking pig,NA,winners,NA,FOOD#QUALITY,NA,positive,NA,45
58,duck dishes,NA,winners,NA,FOOD#QUALITY,NA,positive,NA,45
58,NULL,NULL,delicious,winners,FOOD#QUALITY,FOOD#QUALITY,positive,positive,45
58,NA,food menu,NA,delicious,NA,FOOD#QUALITY,NA,positive,45
58,NA,prawns,NA,amazing,NA,FOOD#QUALITY,NA,positive,45
58,NA,prawns,NA,amazing,NA,FOOD#QUALITY,NA,positive,45
58,NA,pork dishes,NA,amazing,NA,FOOD#QUALITY,NA,positive,45
59,food,NA,authentic,NA,FOOD#QUALITY,NA,positive,NA,44
59,food,NA,superb,NA,FOOD#QUALITY,NA,positive,NA,44
59,food,NA,huge,NA,FOOD#STYLE_OPTIONS,NA,positive,NA,44
59,place,NA,clean,NA,AMBIENCE#GENERAL,NA,positive,NA,44
59,place,NA,peaceful,NA,AMBIENCE#GENERAL,NA,positive,NA,44
59,staff,NA,attentive,NA,SERVICE#GENERAL,NA,positive,NA,44
59,staff,NA,friendly,NA,SERVICE#GENERAL,NA,positive,NA,44
59,NA,Chinese food,NA,authentic,NA,FOOD#QUALITY,NA,positive,44
59,NA,portion,NA,huge,NA,FOOD#STYLE_OPTIONS,NA,positive,44
59,NA,restaurant,NA,attentive,NA,AMBIENCE#GENERAL,NA,positive,44
60,burgers,burgers,great,great,FOOD#QUALITY,FOOD#QUALITY,positive,positive,28
60,cocktails,NA,enjoyable,NA,DRINKS#STYLE_OPTIONS,NA,positive,NA,28
60,price,NA,almost European,NA,FOOD#PRICES,NA,negative,NA,28
60,service,service,good,good,SERVICE#GENERAL,SERVICE#GENERAL,positive,positive,28
60,service,NA,friendly,NA,SERVICE#GENERAL,NA,positive,NA,28
60,NA,bingos,NA,enjoyable,NA,FOOD#QUALITY,NA,positive,28
61,spring rolls,spring rolls,delicious,delicious,FOOD#QUALITY,FOOD#QUALITY,positive,positive,18
61,beef noodle,beef noodle,delicious,delicious,FOOD#QUALITY,FOOD#QUALITY,positive,positive,18
61,chicken soup noodle,chicken soup noodle,delicious,delicious,FOOD#QUALITY,FOOD#QUALITY,positive,positive,18
62,food,food,sumptuous,excellent,FOOD#QUALITY,FOOD#QUALITY,positive,positive,23
62,service,service,great,great,SERVICE#GENERAL,SERVICE#GENERAL,positive,positive,23
62,ambience,ambience,nice,friendly,AMBIENCE#GENERAL,AMBIENCE#GENERAL,positive,positive,23
62,Chef,Chef,friendly,excellent,SERVICE#GENERAL,SERVICE#GENERAL,positive,positive,23
63,variety,NA,Great,NA,FOOD#STYLE_OPTIONS,NA,positive,NA,18
63,variety,NA,western,NA,FOOD#STYLE_OPTIONS,NA,positive,NA,18
63,variety,NA,Asian,NA,FOOD#STYLE_OPTIONS,NA,positive,NA,18
63,service staff,service staff,attentive,attentive,SERVICE#GENERAL,SERVICE#GENERAL,positive,positive,18
63,service staff,NA,friendly,NA,SERVICE#GENERAL,NA,positive,NA,18
63,service staff,NA,Great,NA,SERVICE#GENERAL,NA,positive,NA,18
63,Jahidul,NA,attentive,NA,SERVICE#GENERAL,NA,positive,NA,18
63,Jahidul,NA,friendly,NA,SERVICE#GENERAL,NA,positive,NA,18
63,NA,Asian and western cuisine,NA,great variety,NA,FOOD#QUALITY,NA,positive,18
64,food,food,excellent,excellent,FOOD#QUALITY,FOOD#QUALITY,positive,positive,77
64,small course concept,small course concept,enjoyed,enjoyed,FOOD#STYLE_OPTIONS,FOOD#STYLE_OPTIONS,positive,positive,77
64,wine list,wine list,extensive,extensive,DRINKS#STYLE_OPTIONS,DRINKS#STYLE_OPTIONS,positive,positive,77
64,wine list,NA,well priced,NA,DRINKS#PRICES,NA,positive,NA,77
64,NULL,NA,fault,NA,RESTAURANT#GENERAL,NA,positive,NA,77
64,view,NA,Excellent,NA,AMBIENCE#GENERAL,NA,positive,NA,77
64,service,service,Excellent,excellent,SERVICE#GENERAL,SERVICE#GENERAL,positive,positive,77
64,cooking,cooking,Excellent,excellent,FOOD#QUALITY,DRINKS#PRICES,positive,positive,77
65,Service,service,random,random,SERVICE#GENERAL,SERVICE#GENERAL,negative,negative,96
65,NULL,NA,NULL,NA,FOOD#QUALITY,NA,negative,NA,96
65,NA,waiters,NA,NULL,NA,SERVICE#GENERAL,NA,negative,96
66,place,place,Nice,nice,RESTAURANT#GENERAL,RESTAURANT#MISCELLANEOUS,positive,positive,43
66,NULL,NA,Best time to visit is around 12pm,NA,RESTAURANT#GENERAL,NA,positive,NA,43
66,NULL,NA,Worst time to visit would be after 2pm as most of the food will finish,NA,RESTAURANT#GENERAL,NA,negative,NA,43
66,NULL,NA,self serving,NA,SERVICE#GENERAL,NA,neutral,NA,43
67,guacamole,NA,Finger licking good,NA,FOOD#QUALITY,NA,positive,NA,96
67,staff,staff,friendly,friendly,SERVICE#GENERAL,SERVICE#GENERAL,positive,positive,96
67,staff,NA,helpful,NA,SERVICE#GENERAL,NA,positive,NA,96
67,NULL,NULL,great,worth,RESTAURANT#GENERAL,FOOD#PRICES,positive,positive,96
67,soft shell crab,NA,delicious,NA,FOOD#QUALITY,NA,positive,NA,96
67,grilled watermelon,NA,very delicious,NA,FOOD#QUALITY,NA,positive,NA,96
67,ceviche with salmon,NA,NULL,NA,FOOD#QUALITY,NA,positive,NA,96
67,beef croquettes,NA,NULL,NA,FOOD#QUALITY,NA,positive,NA,96
67,guacamole with olives,NA,awesome,NA,FOOD#QUALITY,NA,positive,NA,96
67,view,NA,Awesome,NA,AMBIENCE#GENERAL,NA,positive,NA,96
67,NULL,NA,good,NA,FOOD#QUALITY,NA,positive,NA,96
67,NULL,NA,good,NA,FOOD#QUALITY,NA,positive,NA,96
67,NULL,NA,good,NA,FOOD#QUALITY,NA,positive,NA,96
67,NULL,NA,good,NA,FOOD#QUALITY,NA,positive,NA,96
67,NULL,NA,good,NA,FOOD#QUALITY,NA,positive,NA,96
67,NA,food,NA,delicious,NA,FOOD#QUALITY,NA,positive,96
68,food,food,cold,cold,FOOD#QUALITY,FOOD#QUALITY,negative,negative,52
68,food,NA,no sauce,NA,FOOD#QUALITY,NA,negative,NA,52
68,food,NA,not tasty,NA,FOOD#QUALITY,NA,negative,NA,52
68,noodles with shrimps,NA,1 shrimp,NA,FOOD#STYLE_OPTIONS,NA,negative,NA,52
68,staff,staff,unfriendly,unfriendly,SERVICE#GENERAL,SERVICE#GENERAL,negative,negative,52
68,NA,sauce,NA,not tasty,NA,FOOD#QUALITY,NA,negative,52
69,menu,menu,varied,excellent,FOOD#STYLE_OPTIONS,FOOD#STYLE_OPTIONS,positive,positive,70
69,dishes,NA,beautifully executed,NA,FOOD#QUALITY,NA,positive,NA,70
69,dishes,NA,cooked to perfection,NA,FOOD#QUALITY,NA,positive,NA,70
69,ingredients,NA,freshest,NA,FOOD#QUALITY,NA,positive,NA,70
69,service,service,warm,unobtrusive,SERVICE#GENERAL,SERVICE#GENERAL,positive,positive,70
69,service,NA,efficient,NA,SERVICE#GENERAL,NA,positive,NA,70
69,service,NA,unobtrusive,NA,SERVICE#GENERAL,NA,positive,NA,70
69,NULL,NA,lovely,NA,RESTAURANT#GENERAL,NA,positive,NA,70
69,NULL,NA,great value,NA,PRICES#GENERAL,NA,positive,NA,70
69,NA,dish,NA,dish,NA,FOOD#STYLE_OPTIONS,NA,positive,70
69,NA,chef,NA,freshest,NA,FOOD#QUALITY,NA,positive,70
69,NA,set dinner,NA,expects more complex,NA,FOOD#QUALITY,NA,positive,70
70,food,food,wise range,best,FOOD#STYLE_OPTIONS,FOOD#QUALITY,positive,positive,39
70,food,NA,best,NA,FOOD#QUALITY,NA,positive,NA,39
70,food,NA,best,NA,FOOD#PRICES,NA,positive,NA,39
70,NA,thalis,NA,wise,NA,FOOD#QUALITY,NA,positive,39
70,NA,beverages,NA,wise,NA,DRINKS#STYLE_OPTIONS,NA,positive,39
70,NA,dinner,NA,recommend,NA,FOOD#PRICES,NA,positive,39
71,tacos,tacos,Great,great,FOOD#QUALITY,FOOD#QUALITY,positive,positive,30
71,chilli,chilli,lovely,delicious,FOOD#QUALITY,FOOD#QUALITY,positive,positive,30
71,NULL,NULL,delicious,good value,FOOD#QUALITY,FOOD#PRICES,positive,positive,30
71,NULL,NA,really good value,NA,FOOD#PRICES,NA,positive,NA,30
71,meat,NA,NULL,NA,FOOD#QUALITY,NA,positive,NA,30
72,food,food,bland,bad,FOOD#QUALITY,FOOD#QUALITY,negative,negative,82
72,food,NA,not up to standard,NA,FOOD#QUALITY,NA,negative,NA,82
72,service,service,mixed up orders,ok,SERVICE#GENERAL,SERVICE#GENERAL,negative,negative,82
72,service,NA,ok,NA,SERVICE#GENERAL,NA,neutral,NA,82
72,juices,juices,nice,nice,DRINKS#QUALITY,FOOD#QUALITY,positive,negative,82
72,prices,NA,cheap,NA,FOOD#PRICES,NA,positive,NA,82
72,NA,NULL,NA,NULL,NA,RESTAURANT#PRICES,NA,negative,82
73,Menglembu wanton mee,NA,absurdly satisfying,NA,FOOD#QUALITY,NA,positive,NA,143
73,noodles,NA,springy,NA,FOOD#QUALITY,NA,positive,NA,143
73,charsiews,charsiews,star,springy,FOOD#QUALITY,FOOD#QUALITY,positive,positive,143
73,Chee cheong fun pork curry,NA,moved to speechlessness,NA,FOOD#QUALITY,NA,positive,NA,143
73,food,NA,deliciously affordable,NA,FOOD#PRICES,NA,positive,NA,143
73,NA,menu,NA,big,NA,FOOD#STYLE_OPTIONS,NA,positive,143
73,NA,rice noodle roll,NA,NULL,NA,FOOD#PRICES,NA,positive,143
74,dumplings,NA,great,NA,FOOD#QUALITY,NA,positive,NA,45
74,dishes,NA,tasty,NA,FOOD#QUALITY,NA,positive,NA,45
74,NULL,NA,excellent,NA,RESTAURANT#GENERAL,NA,positive,NA,45
74,beers,NA,NULL,NA,DRINKS#QUALITY,NA,positive,NA,45
74,NA,Din Tai Fung,NA,excellent,NA,RESTAURANT#GENERAL,NA,positive,45
75,sunshine noodle,NA,favorite,NA,FOOD#QUALITY,NA,positive,NA,34
75,fried rice,NA,NULL,NA,FOOD#QUALITY,NA,positive,NA,34
75,seaweed soup,NA,enjoyed,NA,FOOD#QUALITY,NA,positive,NA,34
75,NA,sunbeam,NA,favorite,NA,FOOD#QUALITY,NA,positive,34
75,NA,fried rice and seaweed soup,NA,enjoyed,NA,FOOD#QUALITY,NA,positive,34
75,NA,NULL,NA,liked,NA,FOOD#QUALITY,NA,positive,34
76,eggs Benedict,eggs Benedict,good,good,FOOD#QUALITY,FOOD#QUALITY,positive,positive,30
76,salmon,salmon,slightly fishy,fishy,FOOD#QUALITY,FOOD#QUALITY,negative,negative,30
76,holandaise sauces,NA,drowned,NA,FOOD#STYLE_OPTIONS,NA,positive,NA,30
76,portions,portions,Good,good,FOOD#STYLE_OPTIONS,FOOD#QUALITY,positive,positive,30
76,American coffee,American coffee,great,great,DRINKS#QUALITY,DRWONED,positive,positive,30
76,NA,hlandaise sauces,NA,good,NA,FOOD#QUALITY,NA,negative,30
77,Food,Food,good,good,FOOD#QUALITY,FOOD#QUALITY,positive,negative,26
77,Food,NA,too oily,NA,FOOD#QUALITY,NA,negative,NA,26
77,place,place,air-conditioned,air-conditioned,AMBIENCE#GENERAL,AMBIENCE#GENERAL,positive,positive,26
77,place,NA,nice,NA,AMBIENCE#GENERAL,NA,positive,NA,26
77,place,NA,comfortable,NA,AMBIENCE#GENERAL,NA,positive,NA,26
77,NA,atmosphere,NA,comfortable,NA,AMBIENCE#GENERAL,NA,positive,26
78,char keow tiew,char keow tiew,better,must try,FOOD#QUALITY,FOOD#QUALITY,positive,positive,34
78,char keow tiew,NA,must try,NA,FOOD#STYLE_OPTIONS,NA,positive,NA,34
78,NULL,NA,Awesome,NA,FOOD#QUALITY,NA,positive,NA,34
78,NA,food,NA,awesome,NA,FOOD#QUALITY,NA,positive,34
79,food,food,tasty,tasty,FOOD#QUALITY,FOOD#QUALITY,positive,positive,47
79,food,NA,tasty,NA,FOOD#STYLE_OPTIONS,NA,positive,NA,47
79,food,NA,tasty,NA,FOOD#PRICES,NA,positive,NA,47
79,NULL,NA,difficult to choose,NA,RESTAURANT#GENERAL,NA,positive,NA,47
79,places,NA,real buzz,NA,AMBIENCE#GENERAL,NA,positive,NA,47
79,courses,NA,different,NA,FOOD#STYLE_OPTIONS,NA,positive,NA,47
79,courses,NA,different,NA,FOOD#QUALITY,NA,positive,NA,47
79,courses,NA,different,NA,FOOD#STYLE_OPTIONS,NA,positive,NA,47
79,courses,NA,different,NA,FOOD#PRICES,NA,positive,NA,47
79,sharing,NA,great,NA,FOOD#STYLE_OPTIONS,NA,positive,NA,47
79,sharing,NA,great,NA,FOOD#QUALITY,NA,positive,NA,47
79,sharing,NA,great,NA,FOOD#STYLE_OPTIONS,NA,positive,NA,47
79,sharing,NA,great,NA,FOOD#PRICES,NA,positive,NA,47
79,NA,stalls,NA,difficult to choose,NA,RESTAURANT#PRICES,NA,positive,47
80,dim sum,NA,good,NA,FOOD#QUALITY,NA,positive,NA,92
80,NA,Din Tai,NA,enjoy,NA,FOOD#QUALITY,NA,positive,92
81,ambience,ambience,Good,good,AMBIENCE#GENERAL,AMBIENCE#GENERAL,positive,positive,90
81,food,food,excellent,favorite,FOOD#QUALITY,FOOD#QUALITY,positive,positive,90
81,owner,owner,friendly,mr Maury,SERVICE#GENERAL,SERVICE#GENERAL,positive,positive,90
81,owner,NA,attentive,NA,SERVICE#GENERAL,NA,positive,NA,90
81,Gamberi & Pesto,NA,favourite,NA,FOOD#QUALITY,NA,positive,NA,90
81,NULL,NA,amazing,NA,FOOD#QUALITY,NA,positive,NA,90
81,Dover sole fish cooked in white wine sauce,NA,amazing,NA,FOOD#QUALITY,NA,positive,NA,90
81,NA,mr Maury,NA,recommend,NA,SERVICE#GENERAL,NA,positive,90
82,dried noodle,dried noodle,originals seasoning,great,FOOD#STYLE_OPTIONS,FOOD#QUALITY,positive,positive,48
82,dried noodle,NA,Taste great,NA,FOOD#QUALITY,NA,positive,NA,48
82,NULL,NA,cheap,NA,FOOD#PRICES,NA,positive,NA,48
83,food,food,super tasty,tasty,FOOD#QUALITY,FOOD#QUALITY,positive,positive,68
83,hospitality,hospitality,amazing,amazing,SERVICE#GENERAL,SERVICE#GENERAL,positive,positive,68
83,care,NA,extra doze of care,NA,SERVICE#GENERAL,NA,positive,NA,68
83,NULL,NULL,happy,NULL,RESTAURANT#GENERAL,RESTAURANT#PRICES,positive,positive,68
83,NULL,NA,will go here again and again,NA,RESTAURANT#GENERAL,NA,positive,NA,68
83,options,NA,so many,NA,FOOD#STYLE_OPTIONS,NA,positive,NA,68
83,NULL,NA,Value for money,NA,PRICES#GENERAL,NA,positive,NA,68
84,dishes,dishes,different,messy,FOOD#QUALITY,FOOD#QUALITY,negative,negative,129
84,dishes,NA,out of presentation,NA,FOOD#STYLE_OPTIONS,NA,negative,NA,129
84,dishes,NA,different,NA,FOOD#QUALITY,NA,negative,NA,129
84,service,service,Bad,bad,SERVICE#GENERAL,SERVICE#GENERAL,negative,negative,129
84,managers,managers,impolite,implolite,SERVICE#GENERAL,SERVICE#GENERAL,negative,negative,129
84,NULL,NA,messy to serve on table like a normal restaurant,NA,FOOD#STYLE_OPTIONS,NA,negative,NA,129
84,NULL,NA,disappointed,NA,RESTAURANT#GENERAL,NA,negative,NA,129
84,NULL,NA,not worth,NA,RESTAURANT#GENERAL,NA,negative,NA,129
84,NULL,NA,no one contact me as informed more than 1 month,NA,SERVICE#GENERAL,NA,negative,NA,129
85,star anise,NA,loved,NA,FOOD#STYLE_OPTIONS,NA,positive,NA,50
85,scone,NA,buttery texture gave it another level of deliciousness,NA,FOOD#QUALITY,NA,positive,NA,50
85,Danish croissants,NA,NULL,NA,FOOD#QUALITY,NA,positive,NA,50
85,NA,pastries,NA,loved,NA,FOOD#QUALITY,NA,positive,50
85,NA,chai tea,NA,loved,NA,FOOD#QUALITY,NA,positive,50
85,NA,denver croissants,NA,deliciousness,NA,FOOD#QUALITY,NA,positive,50
86,decor,decor,modern,modern,AMBIENCE#GENERAL,AMBIENCE#GENERAL,positive,positive,83
86,lighting,NA,good,NA,AMBIENCE#GENERAL,NA,positive,NA,83
86,staff,staff,pleasant,pleasant,SERVICE#GENERAL,SERVICE#GENERAL,positive,positive,83
86,staff,NA,efficient,NA,SERVICE#GENERAL,NA,positive,NA,83
86,menu,menu,extensive,extensive,FOOD#STYLE_OPTIONS,FOOD#STYLE_OPTIONS,positive,positive,83
86,menu,NA,varied,NA,FOOD#STYLE_OPTIONS,NA,positive,NA,83
86,range of soft drinks,NA,excellent,NA,DRINKS#QUALITY,NA,positive,NA,83
86,dancing fiish,NA,delicious,NA,FOOD#QUALITY,NA,positive,NA,83
86,fern,NA,favourite,NA,FOOD#QUALITY,NA,positive,NA,83
86,atmosphere,atmosphere,warm,warm,AMBIENCE#GENERAL,AMBIENCE#GENERAL,positive,positive,83
86,atmosphere,NA,welcoming,NA,AMBIENCE#GENERAL,NA,positive,NA,83
86,NULL,NA,recommend,NA,RESTAURANT#GENERAL,NA,positive,NA,83
86,NA,dish of fern,NA,delicious,NA,FOOD#QUALITY,NA,positive,83
87,ambiance,NA,decent,NA,AMBIENCE#GENERAL,NA,positive,NA,108
87,ramen,ramen,not the best,nice,FOOD#QUALITY,FOOD#QUALITY,negative,positive,108
87,noodles,NA,cooked just nice,NA,FOOD#QUALITY,NA,positive,NA,108
87,broth,NA,tasting a little underwhelmed,NA,FOOD#QUALITY,NA,negative,NA,108
87,NA,soup,NA,nice,NA,FOOD#QUALITY,NA,positive,108
87,NA,ramen,NA,underwhelmed,NA,FOOD#QUALITY,NA,negative,108
88,Sukiyaki,Sukiyaki,delicious,delicious,FOOD#QUALITY,FOOD#QUALITY,positive,positive,29
88,teppayanki,teppayanki,super love,love,FOOD#QUALITY,FOOD#QUALITY,positive,positive,29
88,Mina,NA,helpful,NA,SERVICE#GENERAL,NA,positive,NA,29
88,staff,staff,corteous,corteous,SERVICE#GENERAL,SERVICE#GENERAL,positive,positive,29
88,food,food,nice,nice,FOOD#QUALITY,FOOD#QUALITY,positive,positive,29
88,food,food,superb,superb,FOOD#QUALITY,FOOD#QUALITY,positive,positive,29
89,food,food,decent,decent,FOOD#QUALITY,FOOD#QUALITY,neutral,positive,81
89,ambience,ambience,comfortable,comfortable,AMBIENCE#GENERAL,AMBIENCE#GENERAL,positive,positive,81
89,food,food,expensive,expensive,FOOD#PRICES,FOOD#PRICES,negative,positive,81
89,manager’s service,NA,insightful,NA,SERVICE#GENERAL,NA,positive,NA,81
89,manager’s service,NA,spot-on,NA,SERVICE#GENERAL,NA,positive,NA,81
89,Winnie,NA,truly enjoyable,NA,SERVICE#GENERAL,NA,positive,NA,81
89,NA,setting,NA,comfortable,NA,AMBIENCE#GENERAL,NA,positive,81
90,burnt cheesecake,NA,rich,NA,FOOD#QUALITY,NA,positive,NA,396
90,burnt cheesecake,NA,soft,NA,FOOD#QUALITY,NA,positive,NA,396
90,burnt cheesecake,NA,bold,NA,FOOD#QUALITY,NA,positive,NA,396
90,whipped cream,NA,mellow,NA,FOOD#QUALITY,NA,positive,NA,396
90,NULL,NA,tastefully decorated,NA,AMBIENCE#GENERAL,NA,positive,NA,396
90,Iced latte,NA,premium,NA,DRINKS#QUALITY,NA,positive,NA,396
90,NULL,NA,modern,NA,AMBIENCE#GENERAL,NA,positive,NA,396
90,NULL,NA,warm,NA,AMBIENCE#GENERAL,NA,positive,NA,396
90,NULL,NA,empty,NA,AMBIENCE#GENERAL,NA,positive,NA,396
90,NULL,NA,famous,NA,RESTAURANT#GENERAL,NA,positive,NA,396
90,NULL,NA,refurbished,NA,RESTAURANT#GENERAL,NA,positive,NA,396
90,NULL,NA,tasteful,NA,RESTAURANT#GENERAL,NA,positive,NA,396
90,NA,cake,NA,favorite,NA,FOOD#QUALITY,NA,positive,396
91,traditional chinese fare,NA,joy,NA,FOOD#QUALITY,NA,positive,NA,78
91,dishes,dishes,impressed,good,FOOD#QUALITY,FOOD#QUALITY,positive,positive,78
91,NULL,NA,impressed,NA,SERVICE#GENERAL,NA,positive,NA,78
91,NA,aged gentleman,NA,recommend,NA,SERVICE#GENERAL,NA,positive,78
92,ambience,ambience,nice,nice,AMBIENCE#GENERAL,AMBIENCE#GENERAL,positive,positive,48
92,service,service,good,good,SERVICE#GENERAL,SERVICE#GENERAL,positive,positive,48
92,fried rice,fried rice,must try,must try,FOOD#QUALITY,FOOD#QUALITY,positive,positive,48
92,fried rice,NA,reasonably priced,NA,FOOD#PRICES,NA,positive,NA,48
93,view,view,Great,great,AMBIENCE#GENERAL,LOCATION#GENERAL,positive,positive,67
93,staff,staff,friendly,friendly,SERVICE#GENERAL,SERVICE#GENERAL,positive,positive,67
93,pool,pool,cool,good,AMBIENCE#GENERAL,AMBIENCE#GENERAL,positive,positive,67
93,selection of drinks,NA,good,NA,DRINKS#STYLE_OPTIONS,NA,positive,NA,67
93,curly fries,NA,best,NA,FOOD#QUALITY,NA,positive,NA,67
93,Elvin,NA,handsome,NA,SERVICE#GENERAL,NA,positive,NA,67
93,NULL,NA,comfortable,NA,AMBIENCE#GENERAL,NA,positive,NA,67
93,food,food,good,good,FOOD#QUALITY,FOOD#QUALITY,positive,positive,67
93,drinks,drinks,good,best,DRINKS#QUALITY,DRINKS#STYLE_OPTIONS,positive,positive,67
93,place,place,Best,best,RESTAURANT#GENERAL,AMBIENCE#GENERAL,positive,positive,67
94,hot & sour soup,hot & sour soup,best,tasty,FOOD#QUALITY,FOOD#QUALITY,positive,positive,134
94,ho fun & dim sum,NA,tasty,NA,FOOD#QUALITY,NA,positive,NA,134
94,ho fun & dim sum,NA,large portions,NA,FOOD#STYLE_OPTIONS,NA,positive,NA,134
94,Dim Sum,NA,fresh,NA,FOOD#QUALITY,NA,positive,NA,134
94,service,NA,average,NA,SERVICE#GENERAL,NA,neutral,NA,134
94,atmosphere,atmosphere,excellent,excellent,AMBIENCE#GENERAL,AMBIENCE#GENERAL,positive,positive,134
94,NA,NULL,NA,excellent,NA,FOOD#QUALITY,NA,positive,134
95,Apek,NA,friendly,NA,SERVICE#GENERAL,NA,positive,NA,65
95,Apek,NA,fast,NA,SERVICE#GENERAL,NA,positive,NA,65
95,Apek,NA,efficient,NA,SERVICE#GENERAL,NA,positive,NA,65
95,Teh Tarik Kaw,NA,NULL,NA,FOOD#QUALITY,NA,positive,NA,65
95,NA,staff,NA,fast,NA,SERVICE#GENERAL,NA,positive,65
95,NA,NULL,NA,efficient,NA,SERVICE#GENERAL,NA,positive,65
96,place,place,amazing,amazing,RESTAURANT#GENERAL,RESTAURANT#GENERAL,positive,positive,19
96,taste,NA,amazing,NA,FOOD#QUALITY,NA,positive,NA,19
96,ideas,NA,creative,NA,FOOD#STYLE_OPTIONS,NA,positive,NA,19
96,presentation,NA,attractive,NA,FOOD#STYLE_OPTIONS,NA,positive,NA,19
96,NULL,NA,well decorated,NA,AMBIENCE#GENERAL,NA,positive,NA,19
96,NULL,NA,well organized,NA,SERVICE#GENERAL,NA,positive,NA,19
96,NULL,NA,love,NA,RESTAURANT#GENERAL,NA,positive,NA,19
96,NA,place,NA,amazing,NA,AMBIENCE#GENERAL,NA,positive,19
96,NA,place,NA,amazing,NA,AMBIENCE#GENERAL,NA,positive,19
97,staff,staff,friendly,friendly,SERVICE#GENERAL,SERVICE#GENERAL,positive,positive,20
97,NULL,NA,recommend,NA,RESTAURANT#GENERAL,NA,positive,NA,20
97,NA,breakfast,NA,over 10 RG,NA,FOOD#QUALITY,NA,positive,20
98,dining experience,NA,unique,NA,FOOD#STYLE_OPTIONS,NA,positive,NA,227
98,dining experience,NA,instagrammable,NA,AMBIENCE#GENERAL,NA,positive,NA,227
98,NULL,NA,NULL,NA,RESTAURANT#GENERAL,NA,positive,NA,227
98,NA,organising team,NA,NULL,NA,SERVICE#GENERAL,NA,positive,227
99,plain rice,NA,amazing,NA,FOOD#QUALITY,NA,positive,NA,105
99,tomato pepper rasam,NA,amazing,NA,FOOD#QUALITY,NA,positive,NA,105
99,basket of poppadoms,NA,crunch,NA,FOOD#STYLE_OPTIONS,NA,positive,NA,105
99,kadai mutton,NA,full meal platter,NA,FOOD#STYLE_OPTIONS,NA,positive,NA,105
99,karaikudi chicken kozhambu,NA,full meal platter,NA,FOOD#STYLE_OPTIONS,NA,positive,NA,105
99,tawa fried vegetables,NA,full meal platter,NA,FOOD#STYLE_OPTIONS,NA,positive,NA,105
99,gulab jamuns,NA,dollops,NA,FOOD#STYLE_OPTIONS,NA,positive,NA,105
99,bru dabara coffee,NA,traditional way,NA,FOOD#STYLE_OPTIONS,NA,positive,NA,105
99,ginger black tea,NA,NULL,NA,FOOD#QUALITY,NA,positive,NA,105
99,NULL,NA,affordable,NA,PRICES#GENERAL,NA,positive,NA,105
99,NULL,NA,satisying,NA,FOOD#QUALITY,NA,positive,NA,105
99,NULL,NA,accept credit cards,NA,SERVICE#GENERAL,NA,positive,NA,105
99,ambience,NA,good,NA,AMBIENCE#GENERAL,NA,positive,NA,105
99,NULL,NA,tasty,NA,FOOD#QUALITY,NA,positive,NA,105
99,NULL,NA,good,NA,SERVICE#GENERAL,NA,positive,NA,105
99,NULL,NA,nice,NA,AMBIENCE#GENERAL,NA,positive,NA,105
99,NULL,NA,nice,NA,RESTAURANT#MISCELLANEOUS,NA,positive,NA,105
99,NA,gem restaurant,NA,NULL,NA,RESTAURANT#GENERAL,NA,positive,105
100,NULL,NA,miss out,NA,SERVICE#GENERAL,NA,negative,NA,73
100,NULL,NA,shame,NA,SERVICE#GENERAL,NA,negative,NA,73
100,NULL,NA,NULL,NA,SERVICE#GENERAL,NA,negative,NA,73
100,NULL,NA,disappointed,NA,SERVICE#GENERAL,NA,negative,NA,73
100,NA,place,NA,disappointed,NA,RESTAURANT#MISCELLANEOUS,NA,negative,73
101,NULL,NA,delicious,NA,FOOD#QUALITY,NA,positive,NA,26
101,NULL,NA,man flavor,NA,FOOD#QUALITY,NA,positive,NA,26
101,NULL,NA,hot flavor,NA,FOOD#STYLE_OPTIONS,NA,positive,NA,26
101,side dishes,NA,NULL,NA,FOOD#QUALITY,NA,positive,NA,26
101,chicken liver,NA,taste so good,NA,FOOD#QUALITY,NA,positive,NA,26
101,NA,chicken liver in hot flavor,NA,like,NA,FOOD#QUALITY,NA,positive,26
102,pulled pork burger,pulled pork burger,Yummy,yummy,FOOD#QUALITY,FOOD#QUALITY,positive,positive,30
102,fries,fries,crisp,crisp,FOOD#STYLE_OPTIONS,FOOD#QUALITY,positive,positive,30
102,coleslaw,coleslaw,thick,loved,FOOD#STYLE_OPTIONS,FOOD#QUALITY,positive,positive,30
102,cocktails,NA,Loved,NA,DRINKS#QUALITY,NA,positive,NA,30
102,service,NA,Great,NA,SERVICE#GENERAL,NA,positive,NA,30
102,ambience,ambience,funky,funky,AMBIENCE#GENERAL,AMBIENCE#GENERAL,positive,positive,30
103,service,service,attentive,attentive,SERVICE#GENERAL,SERVICE#GENERAL,positive,positive,31
103,food,food,good,good,FOOD#QUALITY,FOOD#QUALITY,positive,positive,31
103,food,NA,good,NA,FOOD#QUALITY,NA,positive,NA,31
103,prices,NA,reasonable,NA,RESTAURANT#PRICES,NA,positive,NA,31
103,decor,decor,cold,cold,AMBIENCE#GENERAL,AMBIENCE#GENERAL,negative,negative,31
103,NA,menu,NA,long,NA,FOOD#STYLE_OPTIONS,NA,positive,31
104,food,food,superb,superb,FOOD#QUALITY,FOOD#QUALITY,positive,positive,19
104,Sujan,Sujan,friendly,friendly,SERVICE#GENERAL,SERVICE#GENERAL,positive,positive,19
104,Sujan,NA,helpful,NA,SERVICE#GENERAL,NA,positive,NA,19
105,nasi lemak,nasi lemak,good,good,FOOD#QUALITY,FOOD#QUALITY,positive,positive,19
105,service,service,Fast,fast,SERVICE#GENERAL,SERVICE#GENERAL,positive,positive,19
105,fried chicken,fried chicken,Best,best,FOOD#STYLE_OPTIONS,FOOD#QUALITY,positive,negative,19
105,NULL,NA,crowded,NA,RESTAURANT#MISCELLANEOUS,NA,negative,NA,19
106,place,place,great,great,RESTAURANT#GENERAL,AMBIENCE#GENERAL,positive,positive,18
106,habib,habib,amazing,amazing,SERVICE#GENERAL,SERVICE#GENERAL,positive,positive,18
106,habib,NA,great hospitality,NA,SERVICE#GENERAL,NA,positive,NA,18
106,NA,hospitality,NA,great,NA,AMBIENCE#GENERAL,NA,positive,18
107,foie gras sandwich,foie gras sandwich,enjoyed,enjoyed,FOOD#QUALITY,FOOD#QUALITY,positive,positive,114
107,luxurious scramble egg,NA,enjoyed,NA,FOOD#QUALITY,NA,positive,NA,114
107,NA,scramble egg,NA,enjoyed,NA,FOOD#QUALITY,NA,positive,114
107,NA,NULL,NA,enjoyed,NA,FOOD#QUALITY,NA,positive,114
108,Service,Service,friendly,friendly,SERVICE#GENERAL,SERVICE#GENERAL,positive,positive,68
108,Service,NA,quickly,NA,SERVICE#GENERAL,NA,positive,NA,68
108,NULL,NULL,Clean,disappointing,AMBIENCE#GENERAL,FOOD#PRICES,positive,negative,68
108,Food,NA,Decent,NA,FOOD#QUALITY,NA,neutral,NA,68
108,Food,NA,smallish serve size,NA,FOOD#STYLE_OPTIONS,NA,negative,NA,68
108,Cost,NA,affordable,NA,FOOD#PRICES,NA,positive,NA,68
108,NULL,NA,affordable,NA,FOOD#PRICES,NA,positive,NA,68
108,NA,Staff,NA,friendly,NA,SERVICE#GENERAL,NA,positive,68
108,NA,dish,NA,disappointing,NA,FOOD#QUALITY,NA,negative,68
109,breakfast,NA,good spread,NA,FOOD#QUALITY,NA,positive,NA,373
109,breakfast,NA,fresh cut fruit,NA,FOOD#QUALITY,NA,positive,NA,373
109,breakfast,NA,chilled juices,NA,FOOD#QUALITY,NA,positive,NA,373
109,breads and pastries,NA,good,NA,FOOD#QUALITY,NA,positive,NA,373
109,pancakes,NA,NULL,NA,FOOD#QUALITY,NA,positive,NA,373
109,waffles,NA,NULL,NA,FOOD#QUALITY,NA,positive,NA,373
109,seating area,NA,dated,NA,AMBIENCE#GENERAL,NA,negative,NA,373
109,carpets,NA,very old,NA,AMBIENCE#GENERAL,NA,negative,NA,373
109,marble flooring,NA,NULL,NA,AMBIENCE#GENERAL,NA,negative,NA,373
109,ceiling panels,NA,NULL,NA,AMBIENCE#GENERAL,NA,negative,NA,373
109,tables,NA,NULL,NA,AMBIENCE#GENERAL,NA,negative,NA,373
109,chairs,NA,NULL,NA,AMBIENCE#GENERAL,NA,negative,NA,373
109,wall wooden panels & dividers,NA,NULL,NA,AMBIENCE#GENERAL,NA,negative,NA,373
109,made to order eggs station,NA,NULL,NA,FOOD#QUALITY,NA,negative,NA,373
109,grilled tomatoes,NA,NULL,NA,FOOD#QUALITY,NA,negative,NA,373
109,sautéed mushrooms,NA,NULL,NA,FOOD#QUALITY,NA,negative,NA,373
109,hash browns,NA,NULL,NA,FOOD#QUALITY,NA,positive,NA,373
109,staff,NA,struggling to clean and service the tables,NA,SERVICE#GENERAL,NA,negative,NA,373
109,NA,fried tomatoes,NA,depressing,NA,AMBIENCE#GENERAL,NA,negative,373
110,food,food,decent,decent,FOOD#QUALITY,FOOD#QUALITY,neutral,positive,55
110,food,NA,good variety,NA,FOOD#STYLE_OPTIONS,NA,positive,NA,55
110,kuih selections,NA,love more,NA,FOOD#STYLE_OPTIONS,NA,positive,NA,55
110,fresh thosai,NA,personal favourite,NA,FOOD#QUALITY,NA,positive,NA,55
110,staff,NA,amazing,NA,SERVICE#GENERAL,NA,positive,NA,55
110,customer service,NA,amazing,NA,SERVICE#GENERAL,NA,positive,NA,55
110,Istiaq,NA,amazing,NA,SERVICE#GENERAL,NA,positive,NA,55
110,Jhiro,NA,amazing,NA,SERVICE#GENERAL,NA,positive,NA,55
110,Rubal,NA,amazing,NA,SERVICE#GENERAL,NA,positive,NA,55
110,Kaz,NA,lovely,NA,SERVICE#GENERAL,NA,positive,NA,55
110,Lina,NA,lovely,NA,SERVICE#GENERAL,NA,positive,NA,55
110,NA,thosai,NA,favorite,NA,FOOD#QUALITY,NA,positive,55
110,NA,NULL,NA,lovely,NA,SERVICE#GENERAL,NA,positive,55
111,service,service,attentive,attentive,SERVICE#GENERAL,SERVICE#GENERAL,positive,positive,41
111,service,NA,polite,NA,SERVICE#GENERAL,NA,positive,NA,41
111,NULL,NA,festive,NA,AMBIENCE#GENERAL,NA,positive,NA,41
111,NULL,NA,christmas,NA,AMBIENCE#GENERAL,NA,positive,NA,41
111,NA,restaurant,NA,full,NA,AMBIENCE#GENERAL,NA,positive,41
111,NA,atmosphere,NA,loved,NA,AMBIENCE#GENERAL,NA,positive,41
112,food,food,tasty,tasty,FOOD#QUALITY,FOOD#QUALITY,positive,positive,78
112,service,service,ok,ok,SERVICE#GENERAL,SERVICE#GENERAL,positive,positive,78
112,service standards,NA,improve,NA,SERVICE#GENERAL,NA,neutral,NA,78
112,NULL,NULL,crowded,cheap,AMBIENCE#GENERAL,FOOD#PRICES,negative,positive,78
112,NULL,NA,NULL,NA,FOOD#PRICES,NA,positive,NA,78
113,staff,staff,Fantastic,great,SERVICE#GENERAL,SERVICE#GENERAL,positive,positive,85
113,Tiger pints,NA,cheapest,NA,DRINKS#PRICES,NA,positive,NA,85
113,Mexican food,NA,Authentic,NA,FOOD#QUALITY,NA,positive,NA,85
113,Mexican food,NA,reasonable prices,NA,FOOD#PRICES,NA,positive,NA,85
113,NULL,NULL,great,NULL,RESTAURANT#GENERAL,SERVICE#GENERAL,positive,positive,85
113,NA,pub,NA,great,NA,RESTAURANT#PRICES,NA,positive,85
113,NA,food,NA,authentic,NA,FOOD#QUALITY,NA,positive,85
114,Food,NA,usual - Chili's fare,NA,FOOD#QUALITY,NA,neutral,NA,104
114,service,service,horrible,horrible,SERVICE#GENERAL,SERVICE#GENERAL,negative,negative,104
114,NA,waiters,NA,not attentive,NA,SERVICE#GENERAL,NA,negative,104
115,fish and chips,fish and chips,great,great,FOOD#QUALITY,FOOD#QUALITY,positive,positive,82
115,batter,NA,under cooked,NA,FOOD#QUALITY,NA,negative,NA,82
115,"barrimundi with prawns,Pippys i think and squids",NA,beautiful,NA,FOOD#QUALITY,NA,positive,NA,82
115,Guinness,guinness,hit the spot,great,DRINKS#QUALITY,FOOD#QUALITY,positive,positive,82
115,fresh squeezed fruit drink,fresh squeezed fruit drink,great,great,DRINKS#QUALITY,FOOD#QUALITY,positive,positive,82
115,full breakfast,NA,great,NA,FOOD#QUALITY,NA,positive,NA,82
115,eggs Benedict,NA,great,NA,FOOD#QUALITY,NA,positive,NA,82
115,NULL,NA,great,NA,SERVICE#GENERAL,NA,positive,NA,82
115,English tea,NA,NULL,NA,DRINKS#STYLE_OPTIONS,NA,positive,NA,82
115,NA,bathroom,NA,under cooked,NA,AMBIENCE#GENERAL,NA,negative,82
116,portion of meat,portion of meat,Generous,generous,FOOD#STYLE_OPTIONS,FOOD#QUALITY,positive,positive,58
116,soup,NA,delicious,NA,FOOD#QUALITY,NA,positive,NA,58
116,service,service,good,good,SERVICE#GENERAL,SERVICE#GENERAL,positive,positive,58
116,NULL,NA,favorite,NA,RESTAURANT#GENERAL,NA,positive,NA,58
116,Parking,NA,challenging,NA,RESTAURANT#MISCELLANEOUS,NA,negative,NA,58
116,hawker place,NA,hot,NA,AMBIENCE#GENERAL,NA,negative,NA,58
116,pork noodle,pork noodle,best,best,FOOD#QUALITY,FOOD#QUALITY,positive,positive,58
116,service,service,good,worth,SERVICE#GENERAL,FOOD#PRICES,positive,positive,58
116,price,NA,decent,NA,FOOD#PRICES,NA,positive,NA,58
117,Ms.Jia Yang,NA,good experience,NA,SERVICE#GENERAL,NA,positive,NA,121
117,game,NA,interesting,NA,FOOD#STYLE_OPTIONS,NA,positive,NA,121
117,NULL,NULL,Difficult,kind,FOOD#STYLE_OPTIONS,SERVICE#GENERAL,negative,positive,121
117,mr.radha,NA,friendly,NA,SERVICE#GENERAL,NA,positive,NA,121
117,mr.radha,NA,kind hearted,NA,SERVICE#GENERAL,NA,positive,NA,121
117,dinner,dinner,awesome,awesome,FOOD#QUALITY,FOOD#QUALITY,positive,positive,121
117,foods,NA,new taste,NA,FOOD#QUALITY,NA,positive,NA,121
117,foods,NA,best moment,NA,FOOD#QUALITY,NA,positive,NA,121
117,NULL,NA,good time,NA,SERVICE#GENERAL,NA,positive,NA,121
117,NULL,NA,NULL,NA,FOOD#STYLE_OPTIONS,NA,positive,NA,121
117,NULL,NA,NULL,NA,SERVICE#GENERAL,NA,positive,NA,121
117,Ms.Bella,NA,best moment,NA,SERVICE#GENERAL,NA,positive,NA,121
117,Ms.Bella,NA,good time,NA,SERVICE#GENERAL,NA,positive,NA,121
117,NULL,NA,surprise menu,NA,FOOD#STYLE_OPTIONS,NA,positive,NA,121
117,NULL,NA,membership,NA,SERVICE#GENERAL,NA,positive,NA,121
118,Spiced lamb on toast,spiced lamb on toast,well prepared,good size,FOOD#QUALITY,FOOD#STYLE_OPTIONS,positive,positive,30
118,Spiced lamb on toast,NA,good size,NA,FOOD#STYLE_OPTIONS,NA,positive,NA,30
118,Spiced lamb on toast,NA,well presented,NA,FOOD#STYLE_OPTIONS,NA,positive,NA,30
118,Guinness,NA,NULL,NA,DRINKS#QUALITY,NA,positive,NA,30
118,Guinness,NA,NULL,NA,FOOD#PRICES,NA,positive,NA,30
118,NA,beer,NA,well prepared,NA,DRINKS#STYLE_OPTIONS,NA,positive,30
119,beef noodle,NA,NULL,NA,FOOD#QUALITY,NA,positive,NA,106
119,NULL,NULL,efficient,good,SERVICE#GENERAL,DRINKS#QUALITY,positive,positive,106
119,food,food,delicious,delicious,FOOD#QUALITY,FOOD#QUALITY,positive,positive,106
119,drinks,NA,very good,NA,DRINKS#QUALITY,NA,positive,NA,106
119,NA,staff,NA,efficient,NA,SERVICE#GENERAL,NA,positive,106
120,Tokujo set of 9 premium sushi,Tokujo set of 9 premium sushi,NULL,best,FOOD#QUALITY,FOOD#QUALITY,positive,positive,81
120,NULL,NA,popular,NA,RESTAURANT#GENERAL,NA,positive,NA,81
120,Chef Hiro,Chef Hiro,masterful,favorite,SERVICE#GENERAL,SERVICE#GENERAL,positive,positive,81
120,Chef Hiro,NA,charming,NA,SERVICE#GENERAL,NA,positive,NA,81
120,reservations,NA,recommended,NA,SERVICE#GENERAL,NA,positive,NA,81
120,NULL,NA,favorite,NA,RESTAURANT#GENERAL,NA,positive,NA,81
121,Helen Lee and her team,NA,NULL,NA,SERVICE#GENERAL,NA,positive,NA,93
121,dessert,dessert,beautiful,beautiful,FOOD#QUALITY,FOOD#QUALITY,positive,positive,93
121,dessert,NA,tasty,NA,FOOD#QUALITY,NA,positive,NA,93
121,atmosphere,atmosphere,relaxed,relaxed,AMBIENCE#GENERAL,AMBIENCE#GENERAL,positive,positive,93
121,atmosphere,NA,pleasant,NA,AMBIENCE#GENERAL,NA,positive,NA,93
121,staff,staff,great care,great,SERVICE#GENERAL,SERVICE#GENERAL,positive,positive,93
122,dishes,NA,fantastic,NA,FOOD#QUALITY,NA,positive,NA,70
122,dishes,NA,marveled,NA,FOOD#QUALITY,NA,positive,NA,70
122,ingredients,NA,wonderful,NA,FOOD#QUALITY,NA,positive,NA,70
122,NULL,NA,amazing,NA,FOOD#QUALITY,NA,positive,NA,70
122,service,NA,good,NA,SERVICE#GENERAL,NA,positive,NA,70
122,service,NA,attentive,NA,SERVICE#GENERAL,NA,positive,NA,70
122,location,NA,quirky,NA,AMBIENCE#GENERAL,NA,positive,NA,70
122,location,NA,NULL,NA,LOCATION#GENERAL,NA,positive,NA,70
122,venue,NA,not the most polished,NA,AMBIENCE#GENERAL,NA,negative,NA,70
122,NA,17 course degustation dinner,NA,amazing,NA,FOOD#QUALITY,NA,positive,70
123,roast duck,NA,succulent,NA,FOOD#QUALITY,NA,positive,NA,222
123,roast duck,NA,tender,NA,FOOD#QUALITY,NA,positive,NA,222
123,roast duck,NA,seasoned perfectly,NA,FOOD#QUALITY,NA,positive,NA,222
123,roast pork (siew yoke),NA,tender,NA,FOOD#QUALITY,NA,positive,NA,222
123,roast pork (siew yoke),NA,tasty,NA,FOOD#QUALITY,NA,positive,NA,222
123,roast pork (siew yoke),NA,crispy,NA,FOOD#QUALITY,NA,positive,NA,222
123,barbecued roast pork (char siew),NA,heavenly,NA,FOOD#QUALITY,NA,positive,NA,222
123,barbecued roast pork (char siew),NA,tender,NA,FOOD#QUALITY,NA,positive,NA,222
123,barbecued roast pork (char siew),NA,nicely caramelized,NA,FOOD#QUALITY,NA,positive,NA,222
123,barbecued roast pork (char siew),NA,devoid of ghastly red coloring,NA,FOOD#QUALITY,NA,positive,NA,222
123,wantan noodles,NA,al dente,NA,FOOD#QUALITY,NA,positive,NA,222
123,wantan noodles,NA,deliciously coated with meat juices,NA,FOOD#QUALITY,NA,positive,NA,222
123,fried rice cooked in lotus leaves,NA,reminiscent of rustic home cooking,NA,FOOD#QUALITY,NA,positive,NA,222
123,fried rice cooked in lotus leaves,NA,pure comfort food,NA,FOOD#QUALITY,NA,positive,NA,222
123,steamed pork with salted fish,NA,NULL,NA,FOOD#QUALITY,NA,positive,NA,222
123,stewed pork & yam ('kau yoke'),NA,tender,NA,FOOD#QUALITY,NA,positive,NA,222
123,clam soup (xiong tong lala),NA,NULL,NA,FOOD#QUALITY,NA,positive,NA,222
123,stir fried beans in shrimp paste (belacan),NA,NULL,NA,FOOD#QUALITY,NA,positive,NA,222
123,braised homestyle tofu,NA,NULL,NA,FOOD#QUALITY,NA,positive,NA,222
123,service staff,service staff,attentive,excellent,SERVICE#GENERAL,FOOD#PRICES,positive,positive,222
123,service staff,NA,efficient,NA,SERVICE#GENERAL,NA,positive,NA,222
123,service staff,NA,accommodating,NA,SERVICE#GENERAL,NA,positive,NA,222
123,service staff,NA,courteous,NA,SERVICE#GENERAL,NA,positive,NA,222
123,service staff,NA,knowledgeable about the food offerings,NA,SERVICE#GENERAL,NA,positive,NA,222
123,NA,food,NA,good,NA,FOOD#QUALITY,NA,positive,222
123,NA,food,NA,best,NA,FOOD#QUALITY,NA,positive,222
124,service,service,impeccable,impeccable,SERVICE#GENERAL,SERVICE#GENERAL,positive,positive,96
124,food,NA,delicious,NA,FOOD#QUALITY,NA,positive,NA,96
124,mains,NA,delicious,NA,FOOD#QUALITY,NA,positive,NA,96
124,dishes,NA,extensive,NA,FOOD#STYLE_OPTIONS,NA,positive,NA,96
124,desserts,desserts,extensive,extensive,FOOD#STYLE_OPTIONS,FOOD#QUALITY,positive,positive,96
124,desserts,NA,good,NA,FOOD#QUALITY,NA,positive,NA,96
124,NULL,NULL,intimate,loved,AMBIENCE#GENERAL,FOOD#QUALITY,positive,positive,96
124,NULL,NA,distanced,NA,AMBIENCE#GENERAL,NA,positive,NA,96
124,NA,staff,NA,attentive,NA,SERVICE#GENERAL,NA,positive,96
125,food,food,ok,ok,FOOD#QUALITY,FOOD#QUALITY,neutral,neutral,23
125,staffs,staffs,NULL,NULL,SERVICE#GENERAL,SERVICE#GENERAL,negative,negative,23
126,wait staffs,wait staffs,friendly,friendly,SERVICE#GENERAL,SERVICE#GENERAL,positive,positive,91
126,wait staffs,NA,helpful,NA,SERVICE#GENERAL,NA,positive,NA,91
126,food,food,amazing,amazing,FOOD#QUALITY,FOOD#QUALITY,positive,positive,91
126,Mangosteen Salad,NA,NULL,NA,FOOD#QUALITY,NA,positive,NA,91
126,Mangosteen Salad,NA,tasty,NA,FOOD#QUALITY,NA,positive,NA,91
126,interior,interior,nicely done,nice,AMBIENCE#GENERAL,AMBIENCE#GENERAL,positive,positive,91
126,dining,NA,casual,NA,AMBIENCE#GENERAL,NA,positive,NA,91
126,dining,NA,beautiful presentation,NA,FOOD#STYLE_OPTIONS,NA,positive,NA,91
126,NULL,NA,pricey,NA,FOOD#PRICES,NA,negative,NA,91
126,NA,restaurant,NA,casual,NA,RESTAURANT#PRICES,NA,positive,91
127,Lou Sang,NA,NULL,NA,FOOD#STYLE_OPTIONS,NA,positive,NA,140
127,Peking duck,NA,not quite as tasty,NA,FOOD#QUALITY,NA,negative,NA,140
127,service,service,deteriorated,decreased,SERVICE#GENERAL,SERVICE#GENERAL,negative,negative,140
127,taufu,NA,tasty,NA,FOOD#QUALITY,NA,positive,NA,140
127,beef,NA,tasty,NA,FOOD#QUALITY,NA,positive,NA,140
127,noodles with duck,NA,NULL,NA,FOOD#QUALITY,NA,positive,NA,140
127,Chinese sausages with rice,NA,NULL,NA,FOOD#QUALITY,NA,positive,NA,140
127,fish dish,NA,NULL,NA,FOOD#QUALITY,NA,positive,NA,140
127,NA,meal,NA,nice,NA,FOOD#QUALITY,NA,positive,140
128,chat,NA,tasty,NA,FOOD#QUALITY,NA,positive,NA,76
128,Ragda Pattice,NA,tasty,NA,FOOD#QUALITY,NA,positive,NA,76
128,Ragda Pattice,NA,spicy,NA,FOOD#QUALITY,NA,negative,NA,76
128,prices,NA,high,NA,FOOD#PRICES,NA,negative,NA,76
128,prices,NA,high,NA,DRINKS#PRICES,NA,negative,NA,76
128,location,NA,NULL,NA,LOCATION#GENERAL,NA,negative,NA,76
128,NULL,NA,average,NA,RESTAURANT#GENERAL,NA,negative,NA,76
128,NA,Indian Restaurnat,NA,average,NA,RESTAURANT#PRICES,NA,neutral,76
129,buffet,buffet,enjoyed,enjoyed,FOOD#QUALITY,FOOD#QUALITY,positive,positive,85
129,buffet,NA,enjoyed,NA,FOOD#STYLE_OPTIONS,NA,positive,NA,85
129,restaurant,restaurant,spacious,spacious,AMBIENCE#GENERAL,AMBIENCE#GENERAL,positive,positive,85
129,restaurant,NA,well laid out,NA,AMBIENCE#GENERAL,NA,positive,NA,85
129,seating,seating,comfortable,well laid out,AMBIENCE#GENERAL,AMBIENCE#GENERAL,positive,positive,85
129,food,NA,high-quality,NA,FOOD#QUALITY,NA,positive,NA,85
129,dishes,NA,well-presented,NA,FOOD#STYLE_OPTIONS,NA,positive,NA,85
129,dishes,NA,fresh,NA,FOOD#QUALITY,NA,positive,NA,85
129,dishes,NA,appealing,NA,FOOD#STYLE_OPTIONS,NA,positive,NA,85
129,roast lamb,NA,favourites,NA,FOOD#QUALITY,NA,positive,NA,85
129,desserts,NA,favourites,NA,FOOD#QUALITY,NA,positive,NA,85
129,Indian dishes,NA,tasty,NA,FOOD#QUALITY,NA,positive,NA,85
129,Indian dishes,NA,well cooked,NA,FOOD#QUALITY,NA,positive,NA,85
129,service,service,professional,comfortable,SERVICE#GENERAL,SERVICE#GENERAL,positive,positive,85
129,service,NA,unobtrusive,NA,SERVICE#GENERAL,NA,positive,NA,85
130,Spice chicken,NA,Taste good,NA,FOOD#QUALITY,NA,positive,NA,25
130,Menu variety,NA,Ok,NA,FOOD#STYLE_OPTIONS,NA,neutral,NA,25
130,Service,NA,Moderate,NA,SERVICE#GENERAL,NA,neutral,NA,25
130,NULL,NULL,"Located Level Pavilion Mall ., Easy Reachable,Vegetarian Friendly",good,LOCATION#GENERAL,SERVICE#GENERAL,positive,positive,25
130,NA,Dargon-i Restaurant,NA,easy reachable,NA,RESTAURANT#GENERAL,NA,positive,25
131,NULL,NULL,warm,NULL,SERVICE#GENERAL,RESTAURANT#MISCELLANEOUS,positive,positive,113
131,drinks,drinks,good,good,DRINKS#QUALITY,DRINKS#QUALITY,positive,positive,113
131,food,food,match,match,FOOD#QUALITY,FOOD#QUALITY,positive,positive,113
131,NA,welcome,NA,warm,NA,SERVICE#GENERAL,NA,positive,113
132,food,food,superb,superb,FOOD#QUALITY,FOOD#QUALITY,positive,positive,91
132,food,NA,impressed,NA,FOOD#QUALITY,NA,positive,NA,91
132,food,NA,flavours,NA,FOOD#QUALITY,NA,positive,NA,91
132,food,NA,presentation,NA,FOOD#STYLE_OPTIONS,NA,positive,NA,91
132,cocktails,NA,nicely made,NA,DRINKS#QUALITY,NA,positive,NA,91
132,service,NA,NULL,NA,SERVICE#GENERAL,NA,positive,NA,91
132,ambience,ambience,good,good,AMBIENCE#GENERAL,AMBIENCE#GENERAL,positive,positive,91
132,music,music,good,nice,AMBIENCE#GENERAL,AMBIENCE#GENERAL,positive,positive,91
132,NULL,NA,definitely go again,NA,RESTAURANT#GENERAL,NA,positive,NA,91
132,price,NA,expensive,NA,FOOD#PRICES,NA,negative,NA,91
132,price,NA,worthy,NA,FOOD#PRICES,NA,positive,NA,91
132,NA,place,NA,worth,NA,RESTAURANT#PRICES,NA,positive,91
133,host,host,excellent,excellent,SERVICE#GENERAL,SERVICE#GENERAL,positive,positive,59
133,food,food,good,good,FOOD#QUALITY,FOOD#QUALITY,positive,positive,59
133,ambience,ambience,perfect,perfect,AMBIENCE#GENERAL,AMBIENCE#GENERAL,positive,positive,59
133,music,music,light,lighting,AMBIENCE#GENERAL,AMBIENCE#GENERAL,positive,positive,59
133,lighting,lighting,soft feel,calming,AMBIENCE#GENERAL,AMBIENCE#GENERAL,positive,positive,59
133,guests,NA,well mannered,NA,AMBIENCE#GENERAL,NA,positive,NA,59
134,staff,staff,friendly,friendly,SERVICE#GENERAL,SERVICE#GENERAL,positive,positive,207
134,staff,NA,courteous,NA,SERVICE#GENERAL,NA,positive,NA,207
134,food,food,delicious,delicious,FOOD#QUALITY,FOOD#QUALITY,positive,positive,207
134,food,NA,tasty,NA,FOOD#QUALITY,NA,positive,NA,207
134,coffees,NA,NULL,NA,DRINKS#QUALITY,NA,positive,NA,207
134,teas,NA,NULL,NA,DRINKS#QUALITY,NA,positive,NA,207
134,NULL,NULL,cheap,NULL,FOOD#PRICES,RESTAURANT#PRICES,positive,positive,207
134,NULL,NA,good,NA,FOOD#STYLE_OPTIONS,NA,positive,NA,207
134,NULL,NA,helpful,NA,SERVICE#GENERAL,NA,positive,NA,207
134,NULL,NA,attentive,NA,SERVICE#GENERAL,NA,positive,NA,207
134,NULL,NA,glad,NA,RESTAURANT#GENERAL,NA,positive,NA,207
134,cleanliness,NA,good,NA,FOOD#QUALITY,NA,positive,NA,207
134,quality of the meals,NA,good,NA,FOOD#QUALITY,NA,positive,NA,207
135,meal,meal,Good,good,FOOD#QUALITY,FOOD#QUALITY,positive,positive,25
135,price,NA,decent,NA,FOOD#PRICES,NA,positive,NA,25
135,service,service,good,friendly,SERVICE#GENERAL,SERVICE#GENERAL,positive,positive,25
135,Chef,chef,friendly,friendly,SERVICE#GENERAL,SERVICE#GENERAL,positive,positive,25
135,pizzas,NA,good,NA,FOOD#QUALITY,NA,positive,NA,25
135,Pastas,pastas,average,average,FOOD#QUALITY,FOOD#QUALITY,negative,neutral,25
135,wine list,wine list,decent,decent,DRINKS#STYLE_OPTIONS,DRINKS#STYLE_OPTIONS,positive,neutral,25
136,manager and the staff,NA,attentive,NA,SERVICE#GENERAL,NA,positive,NA,57
136,manager and the staff,NA,focus to the guest,NA,SERVICE#GENERAL,NA,positive,NA,57
136,food,food,nice,nice,FOOD#QUALITY,FOOD#STYLE_OPTIONS,positive,positive,57
136,food,NA,large selection of dish,NA,FOOD#STYLE_OPTIONS,NA,positive,NA,57
136,wine,wine,good,good,DRINKS#QUALITY,DRINKS#STYLE_OPTIONS,positive,positive,57
136,prices,NA,affordable,NA,FOOD#PRICES,NA,positive,NA,57
136,NA,manager,NA,attentive,NA,SERVICE#GENERAL,NA,positive,57
136,NA,staff,NA,attentive,NA,SERVICE#GENERAL,NA,positive,57
136,NA,dish,NA,good,NA,FOOD#STYLE_OPTIONS,NA,positive,57
136,NA,NULL,NA,affordable,NA,RESTAURANT#PRICES,NA,positive,57
137,prawn dumpling,prawn dumpling,favorite,favorite,FOOD#QUALITY,FOOD#QUALITY,positive,positive,28
137,NULL,NA,surprise,NA,FOOD#QUALITY,NA,positive,NA,28
137,NA,food,NA,good,NA,FOOD#QUALITY,NA,positive,28
138,food,food,plentiful,pleasant,FOOD#STYLE_OPTIONS,FOOD#STYLE_OPTIONS,positive,positive,83
138,food,NA,plentiful,NA,FOOD#QUALITY,NA,positive,NA,83
138,food,NA,sushi,NA,FOOD#QUALITY,NA,positive,NA,83
138,food,NA,sushi,NA,FOOD#STYLE_OPTIONS,NA,positive,NA,83
138,service,service,attentive,attentive,SERVICE#GENERAL,SERVICE#GENERAL,positive,positive,83
138,NA,sushi,NA,recommend,NA,FOOD#QUALITY,NA,negative,83
139,fresh bread,NA,liked,NA,FOOD#QUALITY,NA,positive,NA,21
139,hummus,hummus,liked,liked,FOOD#QUALITY,FOOD#QUALITY,positive,positive,21
139,Kabab Halabi,kabab Halabi,good,liked,FOOD#QUALITY,FOOD#QUALITY,positive,positive,21
139,NA,bread,NA,liked,NA,FOOD#QUALITY,NA,positive,21
140,dishes,NA,exceptional,NA,FOOD#QUALITY,NA,positive,NA,77
140,dishes,NA,Thai inspired,NA,FOOD#STYLE_OPTIONS,NA,positive,NA,77
140,Thai food,NA,not typical,NA,FOOD#STYLE_OPTIONS,NA,positive,NA,77
140,fusion with more contemporary styles of cooking,NA,better,NA,FOOD#STYLE_OPTIONS,NA,positive,NA,77
140,NULL,NA,delightful,NA,FOOD#STYLE_OPTIONS,NA,positive,NA,77
140,NULL,NA,exceptional,NA,FOOD#QUALITY,NA,positive,NA,77
140,restaurant,NA,noisy,NA,AMBIENCE#GENERAL,NA,negative,NA,77
140,restaurant,NA,noisy,NA,AMBIENCE#GENERAL,NA,negative,NA,77
140,Service,service,good,good,SERVICE#GENERAL,SERVICE#GENERAL,positive,negative,77
140,NA,meal,NA,exceptional,NA,FOOD#QUALITY,NA,positive,77
141,staff,staff,welcomed,well-trained,SERVICE#GENERAL,SERVICE#GENERAL,positive,positive,238
141,staff,NA,well-trained,NA,SERVICE#GENERAL,NA,positive,NA,238
141,staff,NA,polite,NA,SERVICE#GENERAL,NA,positive,NA,238
141,staff,NA,professional,NA,SERVICE#GENERAL,NA,positive,NA,238
141,Black Angus Pure Certified Australian Angus Beef Medallion,NA,good,NA,FOOD#QUALITY,NA,positive,NA,238
141,Steak Bordelaise,NA,great,NA,FOOD#QUALITY,NA,positive,NA,238
141,NULL,NA,perfection,NA,FOOD#QUALITY,NA,positive,NA,238
141,service,service,Superb,excellent,SERVICE#GENERAL,FOOD#QUALITY,positive,positive,238
141,bread basket,NA,fresh,NA,FOOD#QUALITY,NA,positive,NA,238
141,Werner's Special,NA,sweet,NA,FOOD#QUALITY,NA,positive,NA,238
141,Werner's Special,NA,refreshing,NA,FOOD#QUALITY,NA,positive,NA,238
141,Jubert,NA,special,NA,SERVICE#GENERAL,NA,positive,NA,238
141,Jubert,NA,appreciation,NA,SERVICE#GENERAL,NA,positive,NA,238
141,Jubert,NA,thanks,NA,SERVICE#GENERAL,NA,positive,NA,238
141,NULL,NA,wonderful,NA,FOOD#QUALITY,NA,positive,NA,238
141,steaks,steaks,best,best,FOOD#QUALITY,SERVICE#GENERAL,positive,positive,238
141,service,NA,excellent,NA,SERVICE#GENERAL,NA,positive,NA,238
142,food quality,NA,good,NA,FOOD#QUALITY,NA,positive,NA,467
142,pricing,NA,affordable,NA,FOOD#PRICES,NA,positive,NA,467
142,Garlic & Escargot Soup,NA,good,NA,FOOD#QUALITY,NA,positive,NA,467
142,Salmon & Katsuo,NA,Delicious,NA,FOOD#QUALITY,NA,positive,NA,467
142,Duck & Potato,NA,impressed,NA,FOOD#QUALITY,NA,positive,NA,467
142,presentation,NA,impressed,NA,FOOD#STYLE_OPTIONS,NA,positive,NA,467
142,Butter Fish,NA,prefer,NA,FOOD#QUALITY,NA,negative,NA,467
142,pickled onion,NA,cut through the richness of the sauce,NA,FOOD#QUALITY,NA,positive,NA,467
142,Banana Éclair,NA,Lovely,NA,FOOD#QUALITY,NA,positive,NA,467
142,complimentary bread with kombu butter,NA,heavenly,NA,FOOD#QUALITY,NA,positive,NA,467
142,NULL,NA,beautiful,NA,AMBIENCE#GENERAL,NA,positive,NA,467
142,NULL,NA,satisfied,NA,SERVICE#GENERAL,NA,positive,NA,467
142,NA,salmon tartare,NA,good,NA,FOOD#QUALITY,NA,positive,467
143,staff,staff,Izzatie & Hassif,NULL,SERVICE#GENERAL,SERVICE#GENERAL,positive,positive,16
143,staff,NA,Suresh & Yazed,NA,FOOD#QUALITY,NA,positive,NA,16
144,food,food,amazing,amazing,FOOD#QUALITY,FOOD#QUALITY,positive,positive,63
144,food,NA,great,NA,FOOD#PRICES,NA,positive,NA,63
144,desserts,desserts,whole new level,great,FOOD#QUALITY,FOOD#QUALITY,positive,positive,63
144,Anis,NA,amazing,NA,SERVICE#GENERAL,NA,positive,NA,63
144,NA,NULL,NA,kind,NA,SERVICE#GENERAL,NA,positive,63
145,food,food,nice,great,FOOD#QUALITY,FOOD#QUALITY,positive,positive,25
145,service,service,friendly,friendly,SERVICE#GENERAL,SERVICE#GENERAL,positive,positive,25
145,NA,bar staff,NA,NULL,NA,SERVICE#GENERAL,NA,positive,25
145,NA,navine n amir,NA,pleasant,NA,SERVICE#GENERAL,NA,positive,25
146,lamb rack,lamb rack,superb,superb,FOOD#QUALITY,FOOD#QUALITY,positive,positive,23
146,aglio olio,aglio olio,superb,friendly,FOOD#QUALITY,FOOD#QUALITY,positive,positive,23
146,Ambience,NA,nice,NA,AMBIENCE#GENERAL,NA,positive,NA,23
146,waiter Sarmila,NA,attentive,NA,SERVICE#GENERAL,NA,positive,NA,23
146,waiter Sarmila,NA,friendly,NA,SERVICE#GENERAL,NA,positive,NA,23
147,food,food,nice,nice,FOOD#QUALITY,FOOD#QUALITY,positive,positive,21
147,service,service,good,good,SERVICE#GENERAL,SERVICE#GENERAL,positive,positive,21
147,lamb shamp,NA,Great,NA,FOOD#QUALITY,NA,positive,NA,21
147,service,service,good,good,SERVICE#GENERAL,SERVICE#GENERAL,positive,positive,21
147,cocktail,NA,special,NA,DRINKS#STYLE_OPTIONS,NA,positive,NA,21
147,NA,meat shamp,NA,good,NA,FOOD#QUALITY,NA,positive,21
147,NA,dram,NA,special,NA,DRINKS#STYLE_OPTIONS,NA,positive,21
148,wines,NA,Great,NA,DRINKS#QUALITY,NA,positive,NA,32
148,cocktails,NA,Great,NA,DRINKS#QUALITY,NA,positive,NA,32
148,staff,staff,Attentive,attentive,SERVICE#GENERAL,SERVICE#GENERAL,positive,positive,32
148,chef,chef,fuss around you,attentive,SERVICE#GENERAL,SERVICE#GENERAL,positive,positive,32
148,NULL,NA,authentic,NA,FOOD#QUALITY,NA,positive,NA,32
148,NA,Italian nosh,NA,authentic,NA,FOOD#QUALITY,NA,positive,32
148,NA,wine,NA,authentic,NA,DRINKS#QUALITY,NA,positive,32
149,kids menu,NA,not impressed,NA,FOOD#QUALITY,NA,negative,NA,100
149,food,food,mostly cold,cold,FOOD#QUALITY,FOOD#QUALITY,negative,negative,100
149,food,NA,over-cooked,NA,FOOD#QUALITY,NA,negative,NA,100
149,NULL,NULL,plenty of room for improvement,NULL,FOOD#QUALITY,FOOD#QUALITY,negative,negative,100
149,NULL,NA,NULL,NA,FOOD#STYLE_OPTIONS,NA,negative,NA,100
149,NULL,NA,NULL,NA,FOOD#PRICES,NA,negative,NA,100
149,NA,fish,NA,cheesy,NA,FOOD#QUALITY,NA,negative,100
150,service,service,Great,great,SERVICE#GENERAL,SERVICE#GENERAL,positive,positive,29
150,food,food,excellent,excellent,FOOD#QUALITY,FOOD#QUALITY,positive,positive,29
150,ambient,NA,nice,NA,AMBIENCE#GENERAL,NA,positive,NA,29
150,NA,ambience,NA,nice,NA,AMBIENCE#GENERAL,NA,positive,29
151,chic banana Roti,NA,NULL,NA,FOOD#QUALITY,NA,positive,NA,30
151,staff,staff,friendly,friendly,SERVICE#GENERAL,SERVICE#GENERAL,positive,positive,30
151,food,food,great,great,FOOD#QUALITY,FOOD#QUALITY,positive,positive,30
151,NA,chiban Roti,NA,enjoy,NA,FOOD#QUALITY,NA,positive,30
152,Fat Brother,Fat Brother,great value,great value,PRICES#GENERAL,RESTAURANT#PRICES,positive,positive,31
152,Fat Brother,NA,clean,NA,FOOD#QUALITY,NA,positive,NA,31
152,Fat Brother,NA,fresh,NA,FOOD#QUALITY,NA,positive,NA,31
153,food,food,satisfying,nice,FOOD#QUALITY,FOOD#QUALITY,positive,positive,26
153,services,services,satisfying,satisfied,SERVICE#GENERAL,SERVICE#GENERAL,positive,positive,26
153,Shaz,NA,friendly,NA,SERVICE#GENERAL,NA,positive,NA,26
153,rossi,NA,friendly,NA,SERVICE#GENERAL,NA,positive,NA,26
153,Kampala,Kampala,friendly,friendly,SERVICE#GENERAL,SERVICE#GENERAL,positive,positive,26
153,wegen,wegen,friendly,happy,SERVICE#GENERAL,SERVICE#GENERAL,positive,positive,26
154,food,food,good,good,FOOD#QUALITY,FOOD#QUALITY,positive,positive,84
154,food,NA,big portions,NA,FOOD#STYLE_OPTIONS,NA,positive,NA,84
154,food,NA,good taste,NA,FOOD#QUALITY,NA,positive,NA,84
154,food,NA,affordable prices,NA,FOOD#PRICES,NA,positive,NA,84
154,service,NA,amazing,NA,SERVICE#GENERAL,NA,positive,NA,84
154,waiters,waiters,attentive,attentive,SERVICE#GENERAL,SERVICE#GENERAL,positive,positive,84
154,waiters,NA,friendly,NA,SERVICE#GENERAL,NA,positive,NA,84
154,waiters,NA,amazing,NA,SERVICE#GENERAL,NA,positive,NA,84
154,NA,portions,NA,good taste,NA,FOOD#STYLE_OPTIONS,NA,positive,84
154,NA,app,NA,,NA,AMBIENCE#GENERAL,NA,positive,84
155,food options,NA,wonderful,NA,FOOD#QUALITY,NA,positive,NA,105
155,NULL,NULL,delighted,delightful,RESTAURANT#GENERAL,SERVICE#GENERAL,positive,positive,105
155,iPad,NA,NULL,NA,SERVICE#GENERAL,NA,positive,NA,105
155,NA,food,NA,delightful,NA,FOOD#QUALITY,NA,positive,105
156,samosa,NA,excellent,NA,FOOD#QUALITY,NA,positive,NA,41
156,"pap( rice substitute), wild mushroom combine with carrot",NA,superb,NA,FOOD#QUALITY,NA,positive,NA,41
156,NULL,NA,full,NA,FOOD#STYLE_OPTIONS,NA,positive,NA,41
156,service,service,great,great,SERVICE#GENERAL,SERVICE#GENERAL,positive,positive,41
156,NULL,NA,Different environment,NA,AMBIENCE#GENERAL,NA,positive,NA,41
156,NULL,NA,well organised,NA,SERVICE#GENERAL,NA,positive,NA,41
156,NA,environment,NA,great,NA,AMBIENCE#GENERAL,NA,positive,41
156,NA,staff,NA,well organised,NA,SERVICE#GENERAL,NA,positive,41
157,servers,NA,wonderful,NA,SERVICE#GENERAL,NA,positive,NA,49
157,NULL,NA,wonderful,NA,SERVICE#GENERAL,NA,positive,NA,49
157,NA,mandarin employees,NA,wonderful,NA,SERVICE#GENERAL,NA,positive,49
157,NA,mandarin hotels,NA,wonderful,NA,RESTAURANT#GENERAL,NA,positive,49
158,duck,duck,good,good,FOOD#QUALITY,FOOD#QUALITY,positive,positive,21
158,service,service,fast,fast,SERVICE#GENERAL,SERVICE#GENERAL,positive,positive,21
158,service,NA,proper,NA,SERVICE#GENERAL,NA,positive,NA,21
158,NULL,NULL,clean,clean,RESTAURANT#MISCELLANEOUS,SERVICE#GENERAL,positive,positive,21
159,foods,foods,good,good,FOOD#QUALITY,FOOD#QUALITY,positive,positive,27
159,service,service,tip top,friendly,SERVICE#GENERAL,SERVICE#GENERAL,positive,positive,27
159,service,NA,friendly,NA,SERVICE#GENERAL,NA,positive,NA,27
159,service,NA,awsome,NA,SERVICE#GENERAL,NA,positive,NA,27
160,Food,Food,delish,delish,FOOD#QUALITY,FOOD#QUALITY,positive,positive,38
160,coffe,coffe,very nice,nice,DRINKS#QUALITY,DRINKS#QUALITY,positive,positive,38
160,workers,workers,friendly,friendly,SERVICE#GENERAL,SERVICE#GENERAL,positive,positive,38
160,workers,NA,lovely,NA,SERVICE#GENERAL,NA,positive,NA,38
160,interior,interior,cool,good,AMBIENCE#GENERAL,AMBIENCE#GENERAL,positive,positive,38
160,music,music,good,worth,AMBIENCE#GENERAL,AMBIENCE#GENERAL,positive,positive,38
161,mezza platter,mezza platter,delicious,delicious,FOOD#QUALITY,FOOD#QUALITY,positive,positive,55
161,service,service,satisfied,satisfied,SERVICE#GENERAL,SERVICE#GENERAL,positive,positive,55
161,NULL,NA,satisfied,NA,RESTAURANT#GENERAL,NA,positive,NA,55
161,NA,staff,NA,friendly,NA,SERVICE#GENERAL,NA,positive,55
161,NA,food,NA,delicious,NA,FOOD#QUALITY,NA,positive,55
162,Brian,NA,welcomed,NA,SERVICE#GENERAL,NA,positive,NA,59
162,Brian,NA,helped us to take many amazing photos,NA,SERVICE#GENERAL,NA,positive,NA,59
162,NA,Vertigo,NA,great,NA,RESTAURANT#GENERAL,NA,positive,59
163,pad thai,pad thai,ok,ok,FOOD#QUALITY,FOOD#QUALITY,neutral,neutral,42
163,pad thai,NA,fine,NA,FOOD#STYLE_OPTIONS,NA,neutral,NA,42
163,portion,portion,fine,fine,FOOD#STYLE_OPTIONS,FOOD#QUALITY,neutral,neutral,42
163,green curry,green curry,recommend,recommend,FOOD#QUALITY,FOOD#QUALITY,positive,positive,42
163,green curry,NA,creamy,NA,FOOD#STYLE_OPTIONS,NA,positive,NA,42
163,green curry,NA,not spicy,NA,FOOD#STYLE_OPTIONS,NA,positive,NA,42
163,price,NA,high side,NA,FOOD#PRICES,NA,negative,NA,42
164,service,service,Good,good,SERVICE#GENERAL,SERVICE#GENERAL,positive,positive,31
164,NULL,NA,ok,NA,FOOD#QUALITY,NA,neutral,NA,31
164,ambience,ambience,Good,good,AMBIENCE#GENERAL,AMBIENCE#GENERAL,positive,positive,31
164,ambience,NA,a lot of flies,NA,AMBIENCE#GENERAL,NA,negative,NA,31
164,NA,food,NA,ok,NA,FOOD#QUALITY,NA,positive,31
164,NA,flies,NA,not expected,NA,FOOD#QUALITY,NA,negative,31
165,vibe,vibe,Love,love,AMBIENCE#GENERAL,AMBIENCE#GENERAL,positive,positive,23
165,snacks,snacks,good,love,FOOD#QUALITY,FOOD#QUALITY,positive,positive,23
165,entertainment,entertainment,good,great,RESTAURANT#MISCELLANEOUS,AMBIENCE#GENERAL,positive,positive,23
165,NULL,NA,Great,NA,RESTAURANT#GENERAL,NA,positive,NA,23
165,NULL,NA,stellar,NA,RESTAURANT#GENERAL,NA,positive,NA,23
165,NULL,NA,real,NA,RESTAURANT#GENERAL,NA,positive,NA,23
166,pool,pool,awesome,modern,AMBIENCE#GENERAL,AMBIENCE#GENERAL,positive,positive,60
166,restaurant,restaurant,excellent,excellent,FOOD#QUALITY,AMBIENCE#GENERAL,positive,positive,60
166,restaurant,NA,excellent,NA,DRINKS#QUALITY,NA,positive,NA,60
166,Fatin,NA,nice,NA,SERVICE#GENERAL,NA,positive,NA,60
166,Fatin,NA,polite,NA,SERVICE#GENERAL,NA,positive,NA,60
166,Fatin,NA,exceptional,NA,SERVICE#GENERAL,NA,positive,NA,60
166,NULL,NA,valuable,NA,SERVICE#GENERAL,NA,positive,NA,60
166,NA,Hotel,NA,nice,NA,AMBIENCE#GENERAL,NA,positive,60
166,NA,hostess,NA,nice,NA,SERVICE#GENERAL,NA,positive,60
167,Cocktails,NA,big ice cube,NA,DRINKS#STYLE_OPTIONS,NA,negative,NA,29
167,Cocktails,NA,very little drink,NA,DRINKS#QUALITY,NA,negative,NA,29
167,Ambiance,Ambiance,basic,basic,AMBIENCE#GENERAL,AMBIENCE#GENERAL,negative,negative,29
167,decor,decor,basic,basic,AMBIENCE#GENERAL,AMBIENCE#GENERAL,negative,negative,29
167,place,place,not worth it,not worth,RESTAURANT#GENERAL,RESTAURANT#PRICES,negative,negative,29
167,place,NA,Disappointed,NA,RESTAURANT#GENERAL,NA,negative,NA,29
168,food,food,great,attracted,FOOD#QUALITY,FOOD#QUALITY,positive,positive,28
168,food,NA,great,NA,FOOD#STYLE_OPTIONS,NA,positive,NA,28
168,beer,beer,great,great,DRINKS#QUALITY,DRINKS#QUALITY,positive,positive,28
168,NULL,NULL,attracted,fun,AMBIENCE#GENERAL,AMBIENCE#GENERAL,positive,positive,28
168,NULL,NA,fun,NA,RESTAURANT#GENERAL,NA,positive,NA,28
169,restaurant,restaurant,good,like,RESTAURANT#GENERAL,RESTAURANT#GENERAL,positive,positive,52
169,food,food,good,like,FOOD#QUALITY,FOOD#QUALITY,positive,positive,52
169,staff,staff,good,like,SERVICE#GENERAL,SERVICE#GENERAL,positive,positive,52
169,Japanese curry katsu,NA,good,NA,FOOD#QUALITY,NA,positive,NA,52
169,Red Ruby,red ruby,tasty,tasty,FOOD#QUALITY,FOOD#QUALITY,positive,positive,52
170,food,food,bold flavours,good,FOOD#QUALITY,FOOD#QUALITY,positive,positive,57
170,food,NA,good,NA,FOOD#QUALITY,NA,positive,NA,57
170,food,NA,bold flavours,NA,FOOD#STYLE_OPTIONS,NA,positive,NA,57
170,food,NA,good,NA,FOOD#STYLE_OPTIONS,NA,positive,NA,57
170,appam,appam,NULL,good,FOOD#STYLE_OPTIONS,FOOD#QUALITY,positive,positive,57
170,stringhoppers,stringhoppers,NULL,well known,FOOD#STYLE_OPTIONS,FOOD#QUALITY,positive,positive,57
171,Food,Food,excellent,excellent,FOOD#QUALITY,FOOD#QUALITY,positive,positive,31
171,service,service,fantastic,fantastic,SERVICE#GENERAL,SERVICE#GENERAL,positive,positive,31
171,staff,staff,INCREDIBLE,INcredible,SERVICE#GENERAL,SERVICE#GENERAL,positive,positive,31
171,Antipodean establishment,NA,favourite,NA,RESTAURANT#GENERAL,NA,positive,NA,31
172,restaurant,restaurant,perfect,NULL,RESTAURANT#GENERAL,RESTAURANT#MISCELLANEOUS,positive,positive,17
173,food,food,quality,good,FOOD#QUALITY,FOOD#QUALITY,positive,positive,90
173,food,NA,unusual good portioned,NA,FOOD#STYLE_OPTIONS,NA,positive,NA,90
173,seafood risotto,NA,NULL,NA,FOOD#QUALITY,NA,negative,NA,90
173,NULL,NA,disappointment,NA,FOOD#QUALITY,NA,negative,NA,90
173,decor,NA,nice,NA,AMBIENCE#GENERAL,NA,positive,NA,90
173,ambiance,ambiance,nice,nice,AMBIENCE#GENERAL,AMBIENCE#GENERAL,positive,positive,90
173,server Fulzen,NA,professional,NA,SERVICE#GENERAL,NA,positive,NA,90
173,server Fulzen,NA,friendly,NA,SERVICE#GENERAL,NA,positive,NA,90
173,NA,décor,NA,nice,NA,AMBIENCE#GENERAL,NA,positive,90
173,NA,service,NA,professional,NA,SERVICE#GENERAL,NA,positive,90
174,Halal,Halal,excellent,excellent,FOOD#QUALITY,FOOD#QUALITY,positive,positive,21
174,NULL,NULL,nice,enjoyed,RESTAURANT#GENERAL,FOOD#STYLE_OPTIONS,positive,positive,21
174,NULL,NA,friendly,NA,SERVICE#GENERAL,NA,positive,NA,21
174,NULL,NA,wide selection of dishes,NA,FOOD#STYLE_OPTIONS,NA,positive,NA,21
174,NULL,NA,enjoyed,NA,FOOD#QUALITY,NA,positive,NA,21
175,staff,staff,friendly,friendly,SERVICE#GENERAL,SERVICE#GENERAL,positive,positive,38
175,staff,NA,friendly,NA,SERVICE#GENERAL,NA,positive,NA,38
175,staff,NA,friendly,NA,SERVICE#GENERAL,NA,positive,NA,38
175,food,food,delicious,delicious,FOOD#QUALITY,FOOD#QUALITY,positive,positive,38
175,NA,NULL,NA,like,NA,SERVICE#GENERAL,NA,positive,38
176,foods,NA,disappointing,NA,FOOD#QUALITY,NA,negative,NA,112
176,bread,NA,thin slice,NA,FOOD#STYLE_OPTIONS,NA,negative,NA,112
176,bread,NA,tasteless,NA,FOOD#QUALITY,NA,negative,NA,112
176,lambs cutlets,NA,slightly rare cold,NA,FOOD#QUALITY,NA,negative,NA,112
176,NULL,NULL,ok,NULL,FOOD#QUALITY,NULL,negative,negative,112
176,lamb shank,lamb shank,too dry,disappointing,FOOD#QUALITY,FOOD#QUALITY,negative,negative,112
176,services,services,average,average,SERVICE#GENERAL,SERVICE#GENERAL,negative,negative,112
176,NA,food,NA,disappointing,NA,FOOD#QUALITY,NA,negative,112
177,selection of pastries,selection of pastries,way too many sweet items,too many sweet,FOOD#STYLE_OPTIONS,FOOD#STYLE_OPTIONS,negative,negative,51
177,selection of pastries,NA,should be balanced with more savouries,NA,FOOD#STYLE_OPTIONS,NA,negative,NA,51
177,selection of pastries,NA,premium,NA,FOOD#QUALITY,NA,positive,NA,51
177,portion per piece,NA,not big,NA,FOOD#STYLE_OPTIONS,NA,negative,NA,51
177,service,service,nice,too many,SERVICE#GENERAL,SERVICE#GENERAL,positive,negative,51
177,setting,setting,nice,nice,AMBIENCE#GENERAL,AMBIENCE#GENERAL,positive,negative,51
178,paratha,NA,awesome,NA,FOOD#QUALITY,NA,positive,NA,84
178,aloo paratha,NA,nyums,NA,FOOD#QUALITY,NA,positive,NA,84
178,Tiki Masala,NA,NULL,NA,FOOD#QUALITY,NA,positive,NA,84
178,Palak Paneer,NA,OMG i am literally drooling right now,NA,FOOD#QUALITY,NA,positive,NA,84
178,food,food,finger licking good,awesome,FOOD#QUALITY,FOOD#QUALITY,positive,positive,84
178,staff,staff,friendly,friendly,SERVICE#GENERAL,SERVICE#GENERAL,positive,positive,84
178,owner,owner,friendly,friendly,SERVICE#GENERAL,SERVICE#GENERAL,positive,positive,84
179,staff,staff,fun,amazing,SERVICE#GENERAL,SERVICE#GENERAL,positive,positive,96
179,staff,NA,positive attitude,NA,SERVICE#GENERAL,NA,positive,NA,96
179,staff,NA,considerate,NA,SERVICE#GENERAL,NA,positive,NA,96
179,NULL,NA,amazing,NA,RESTAURANT#GENERAL,NA,positive,NA,96
179,NA,food,NA,amazing,NA,FOOD#QUALITY,NA,positive,96
179,NA,darts / pool,NA,amazing,NA,DRINKS#QUALITY,NA,positive,96
180,staff,staff,helpful,help,SERVICE#GENERAL,SERVICE#GENERAL,positive,positive,35
181,restaurant,NA,Amazing,NA,RESTAURANT#GENERAL,NA,positive,NA,53
181,setting,setting,Fantastic,amazing,AMBIENCE#GENERAL,AMBIENCE#GENERAL,positive,positive,53
181,view,view,stunning,delightful,AMBIENCE#GENERAL,LOCATION#GENERAL,positive,positive,53
181,design,design,cool,cool,AMBIENCE#GENERAL,AMBIENCE#GENERAL,positive,positive,53
181,”nouvelle cuisine”,NA,Delicious,NA,FOOD#QUALITY,NA,positive,NA,53
181,dishes,NA,exciting,NA,FOOD#STYLE_OPTIONS,NA,positive,NA,53
181,NULL,NULL,worth it,worth,FOOD#PRICES,RESTAURANT#PRICES,positive,positive,53
182,food,food,good,good,FOOD#QUALITY,FOOD#QUALITY,positive,positive,48
182,NA,waiting line,NA,long,NA,SERVICE#GENERAL,NA,negative,48
183,view,view,unbelievable,unbelievable,AMBIENCE#GENERAL,LOCATION#GENERAL,positive,positive,54
183,music,music,nice,nice,AMBIENCE#GENERAL,AMBIENCE#GENERAL,positive,positive,54
183,staff,staff,top notch,enjoyed,SERVICE#GENERAL,SERVICE#GENERAL,positive,positive,54
183,hospitality,NA,enjoyed my time,NA,SERVICE#GENERAL,NA,positive,NA,54
184,waitress,waitress,excellent,excellent,SERVICE#GENERAL,SERVICE#GENERAL,positive,positive,108
184,seaweed taco,NA,excellent,NA,FOOD#QUALITY,NA,positive,NA,108
184,chicken 'ribs',NA,best,NA,FOOD#QUALITY,NA,positive,NA,108
184,NA,small plates,NA,excellent,NA,FOOD#STYLE_OPTIONS,NA,positive,108
184,NA,chicken 'ribs,NA,excellent,NA,FOOD#QUALITY,NA,positive,108
184,NA,NULL,NA,easy,NA,SERVICE#GENERAL,NA,positive,108
185,salmon fried rice,NA,great,NA,FOOD#QUALITY,NA,positive,NA,43
185,duck ramen,NA,great,NA,FOOD#QUALITY,NA,positive,NA,43
185,Monster burger,NA,great,NA,FOOD#QUALITY,NA,positive,NA,43
185,macaroni & cheese,NA,great,NA,FOOD#QUALITY,NA,positive,NA,43
185,portion,portion,no big,no big,FOOD#STYLE_OPTIONS,FOOD#STYLE_OPTIONS,neutral,negative,43
185,waitress,waitress,friendly,friendly,SERVICE#GENERAL,SERVICE#GENERAL,positive,positive,43
185,waitress,NA,helpful,NA,SERVICE#GENERAL,NA,positive,NA,43
185,NULL,NA,resonance,NA,SERVICE#GENERAL,NA,positive,NA,43
185,NA,food,NA,great,NA,FOOD#QUALITY,NA,positive,43
186,black pepper and mushroom pasta,black pepper and mushroom pasta,outstanding,outstanding,FOOD#QUALITY,FOOD#QUALITY,positive,positive,26
186,prices,NA,reasonable,NA,RESTAURANT#PRICES,NA,positive,NA,26
186,food,NA,good,NA,FOOD#QUALITY,NA,positive,NA,26
186,NA,NULL,NA,reasonable,NA,FOOD#PRICES,NA,positive,26
187,Shafiq,Shafiq,excellent job,excellent,SERVICE#GENERAL,SERVICE#GENERAL,positive,positive,25
188,view,view,great,great,AMBIENCE#GENERAL,LOCATION#GENERAL,positive,positive,41
188,hospitality,NA,great,NA,SERVICE#GENERAL,NA,positive,NA,41
188,service,service,great,great,SERVICE#GENERAL,SERVICE#GENERAL,positive,positive,41
188,NULL,NA,Awesome,NA,RESTAURANT#GENERAL,NA,positive,NA,41
188,NA,staff,NA,great,NA,SERVICE#GENERAL,NA,positive,41
189,food,food,perfect,perfect,FOOD#QUALITY,FOOD#QUALITY,positive,positive,69
189,service,service,even better,better,SERVICE#GENERAL,SERVICE#GENERAL,positive,positive,69
189,Sarmila,NA,kind,NA,SERVICE#GENERAL,NA,positive,NA,69
189,Sarmila,NA,helpful,NA,SERVICE#GENERAL,NA,positive,NA,69
189,NULL,NA,best value for your money,NA,RESTAURANT#PRICES,NA,positive,NA,69
190,ambience,ambience,love,amazing,AMBIENCE#GENERAL,AMBIENCE#GENERAL,positive,positive,53
190,service,NA,awesome,NA,SERVICE#GENERAL,NA,positive,NA,53
190,food portion,NA,just nice,NA,FOOD#STYLE_OPTIONS,NA,positive,NA,53
190,sushi maki,sushi maki,love,love,FOOD#QUALITY,FOOD#QUALITY,positive,positive,53
190,pomelo salad,pomelo salad,love,love,FOOD#QUALITY,FOOD#QUALITY,positive,positive,53
190,steak,steak,love,love,FOOD#QUALITY,FOOD#QUALITY,positive,positive,53
190,durian panna cotta dessert,durian panna cotta dessert,love,love,FOOD#QUALITY,FOOD#QUALITY,positive,positive,53
190,NA,food,NA,love,NA,FOOD#QUALITY,NA,positive,53
191,NULL,NA,expensive,NA,PRICES#GENERAL,NA,negative,NA,32
191,NA,meal,NA,cheap,NA,FOOD#QUALITY,NA,negative,32
191,NA,beer,NA,extensive,NA,DRINKS#PRICES,NA,negative,32
192,Signature Ramen,Signature Ramen,NULL,love,FOOD#QUALITY,FOOD#QUALITY,positive,positive,97
192,NULL,NA,pleasant,NA,RESTAURANT#GENERAL,NA,positive,NA,97
192,fried rice,fried rice,yummy,yummy,FOOD#QUALITY,FOOD#QUALITY,positive,positive,97
192,Pavilion,NA,better,NA,FOOD#QUALITY,NA,positive,NA,97
192,NA,Ippudo Ramen,NA,yummy,NA,FOOD#QUALITY,NA,positive,97
193,food,food,decent,decent,FOOD#QUALITY,FOOD#QUALITY,neutral,positive,19
193,ambience,ambience,nice,nice,AMBIENCE#GENERAL,AMBIENCE#GENERAL,positive,positive,19
193,service,service,exceptional,exceptional,SERVICE#GENERAL,SERVICE#GENERAL,positive,positive,19
193,hospitality,hospitality,Good,good,SERVICE#GENERAL,FOOD#QUALITY,positive,positive,19
194,Desserts like cakes,NA,delicious treat,NA,FOOD#QUALITY,NA,positive,NA,72
194,caesar salad,NA,horrified,NA,FOOD#QUALITY,NA,negative,NA,72
194,lobster roll,NA,hardly any lobster swimming in the mayo - appeared more like diced prawns,NA,FOOD#QUALITY,NA,negative,NA,72
194,Service,Service,inconsistent,inconsistent,SERVICE#GENERAL,SERVICE#GENERAL,negative,negative,72
194,Menu,NA,good selection of western and asian dishes for variety,NA,FOOD#STYLE_OPTIONS,NA,positive,NA,72
194,NA,food,NA,horrified,NA,FOOD#QUALITY,NA,negative,72
194,NA,NULL,NA,bad,NA,FOOD#STYLE_OPTIONS,NA,negative,72
195,staff,staff,attentive,attentive,SERVICE#GENERAL,SERVICE#GENERAL,positive,positive,95
195,staff,NA,friendly,NA,SERVICE#GENERAL,NA,positive,NA,95
195,staff,NA,accommodating,NA,SERVICE#GENERAL,NA,positive,NA,95
195,Aliff,NA,good,NA,SERVICE#GENERAL,NA,positive,NA,95
195,view,NA,Great,NA,AMBIENCE#GENERAL,NA,positive,NA,95
195,NA,view of the skyline,NA,friendly,NA,LOCATION#GENERAL,NA,positive,95
196,ambient,NA,Excellent,NA,AMBIENCE#GENERAL,NA,positive,NA,20
196,services,services,friendly,excellent,SERVICE#GENERAL,SERVICE#GENERAL,positive,positive,20
196,services,NA,warm,NA,SERVICE#GENERAL,NA,positive,NA,20
196,coffee,coffee,nice,friendly,FOOD#QUALITY,DRINKS#QUALITY,positive,positive,20
197,Chicken Barbecue salad,NA,wonderful,NA,FOOD#QUALITY,NA,positive,NA,150
197,service,NA,wonderful,NA,SERVICE#GENERAL,NA,positive,NA,150
197,NULL,NA,huge,NA,FOOD#STYLE_OPTIONS,NA,positive,NA,150
197,NULL,NA,stripped with the barbecue sauce and grated Parisian cheese,NA,FOOD#STYLE_OPTIONS,NA,positive,NA,150
197,NULL,NA,big,NA,FOOD#STYLE_OPTIONS,NA,positive,NA,150
197,NULL,NA,wonderful,NA,FOOD#QUALITY,NA,positive,NA,150
197,NULL,NA,thick,NA,FOOD#STYLE_OPTIONS,NA,positive,NA,150
197,NULL,NA,gooey,NA,FOOD#STYLE_OPTIONS,NA,positive,NA,150
197,bread,NA,wonderful,NA,FOOD#QUALITY,NA,positive,NA,150
197,NULL,NA,wonderful,NA,DRINKS#QUALITY,NA,positive,NA,150
197,NULL,NA,wonderful,NA,FOOD#STYLE_OPTIONS,NA,positive,NA,150
197,NULL,NA,wonderful,NA,FOOD#QUALITY,NA,positive,NA,150
197,selection of beer,NA,wonderful,NA,DRINKS#QUALITY,NA,positive,NA,150
197,soft drink,NA,wonderful,NA,DRINKS#QUALITY,NA,positive,NA,150
197,NULL,NA,wonderful,NA,SERVICE#GENERAL,NA,positive,NA,150
197,NA,salad,NA,wonderful,NA,FOOD#QUALITY,NA,positive,150
197,NA,salad,NA,big,NA,FOOD#QUALITY,NA,positive,150
197,NA,grilled garlic bread,NA,thick,NA,FOOD#QUALITY,NA,positive,150
197,NA,grilled mushrooms,NA,fresh,NA,FOOD#QUALITY,NA,positive,150
198,food,food,Nice,nice,FOOD#QUALITY,FOOD#STYLE_OPTIONS,positive,positive,20
198,food,NA,plenty of choices,NA,FOOD#STYLE_OPTIONS,NA,positive,NA,20
198,food,NA,taste good,NA,FOOD#QUALITY,NA,positive,NA,20
198,ambience,NA,nice,NA,AMBIENCE#GENERAL,NA,positive,NA,20
198,ambience,NA,not really crowded,NA,AMBIENCE#GENERAL,NA,positive,NA,20
198,ambience,NA,best place for family,NA,AMBIENCE#GENERAL,NA,positive,NA,20
198,NA,environment,NA,nice,NA,AMBIENCE#GENERAL,NA,positive,20
198,NA,place,NA,best,NA,AMBIENCE#GENERAL,NA,positive,20
199,meals,NA,best,NA,FOOD#QUALITY,NA,positive,NA,116
199,staff,staff,professional,professional,SERVICE#GENERAL,SERVICE#GENERAL,positive,positive,116
199,wine list,wine list,amazing,amazing,DRINKS#STYLE_OPTIONS,DRINKS#STYLE_OPTIONS,positive,positive,116
199,NULL,NULL,enjoyed,NULL,RESTAURANT#GENERAL,RESTAURANT#MISCELLANEOUS,positive,negative,116
199,NULL,NA,5 star,NA,RESTAURANT#GENERAL,NA,positive,NA,116
199,NULL,NA,grumbling,NA,RESTAURANT#GENERAL,NA,negative,NA,116
